id,payload_bytes,ad_bytes,guard,expected_auth,expected_commit,cycles_to_auth,commits,last_seq,unsafe_writes
1,0,0,0,1,0,42,0,0,0
2,0,1,0,1,0,51,0,0,0
3,0,2,0,1,0,51,0,0,0
4,0,3,0,1,0,51,0,0,0
5,0,4,0,1,0,52,0,0,0
6,0,5,0,1,0,52,0,0,0
7,0,6,0,1,0,52,0,0,0
8,0,7,0,1,0,52,0,0,0
9,0,8,0,1,0,53,0,0,0
10,0,9,0,1,0,53,0,0,0
11,0,10,0,1,0,53,0,0,0
12,0,11,0,1,0,53,0,0,0
13,0,12,0,1,0,54,0,0,0
14,0,13,0,1,0,54,0,0,0
15,0,14,0,1,0,54,0,0,0
16,0,15,0,1,0,54,0,0,0
17,0,16,0,1,0,63,0,0,0
18,0,17,0,1,0,63,0,0,0
19,0,18,0,1,0,63,0,0,0
20,0,19,0,1,0,63,0,0,0
21,0,20,0,1,0,64,0,0,0
22,0,21,0,1,0,64,0,0,0
23,0,22,0,1,0,64,0,0,0
24,0,23,0,1,0,64,0,0,0
25,0,24,0,1,0,65,0,0,0
26,0,25,0,1,0,65,0,0,0
27,0,26,0,1,0,65,0,0,0
28,0,27,0,1,0,65,0,0,0
29,0,28,0,1,0,66,0,0,0
30,0,29,0,1,0,66,0,0,0
31,0,30,0,1,0,66,0,0,0
32,0,31,0,1,0,66,0,0,0
33,0,32,0,1,0,75,0,0,0
34,1,0,0,1,0,43,0,0,0
35,1,1,0,1,0,52,0,0,0
36,1,2,0,1,0,52,0,0,0
37,1,3,0,1,0,52,0,0,0
38,1,4,0,1,0,53,0,0,0
39,1,5,0,1,0,53,0,0,0
40,1,6,0,1,0,53,0,0,0
41,1,7,0,1,0,53,0,0,0
42,1,8,0,1,0,54,0,0,0
43,1,9,0,1,0,54,0,0,0
44,1,10,0,1,0,54,0,0,0
45,1,11,0,1,0,54,0,0,0
46,1,12,0,1,0,55,0,0,0
47,1,13,0,1,0,55,0,0,0
48,1,14,0,1,0,55,0,0,0
49,1,15,0,1,0,55,0,0,0
50,1,16,0,1,0,64,0,0,0
51,1,17,0,1,0,64,0,0,0
52,1,18,0,1,0,64,0,0,0
53,1,19,0,1,0,64,0,0,0
54,1,20,0,1,0,65,0,0,0
55,1,21,0,1,0,65,0,0,0
56,1,22,0,1,0,65,0,0,0
57,1,23,0,1,0,65,0,0,0
58,1,24,0,1,0,66,0,0,0
59,1,25,0,1,0,66,0,0,0
60,1,26,0,1,0,66,0,0,0
61,1,27,0,1,0,66,0,0,0
62,1,28,0,1,0,67,0,0,0
63,1,29,0,1,0,67,0,0,0
64,1,30,0,1,0,67,0,0,0
65,1,31,0,1,0,67,0,0,0
66,1,32,0,1,0,76,0,0,0
67,2,0,0,1,0,43,0,0,0
68,2,1,0,1,0,52,0,0,0
69,2,2,0,1,0,52,0,0,0
70,2,3,0,1,0,52,0,0,0
71,2,4,0,1,0,53,0,0,0
72,2,5,0,1,0,53,0,0,0
73,2,6,0,1,0,53,0,0,0
74,2,7,0,1,0,53,0,0,0
75,2,8,0,1,0,54,0,0,0
76,2,9,0,1,0,54,0,0,0
77,2,10,0,1,0,54,0,0,0
78,2,11,0,1,0,54,0,0,0
79,2,12,0,1,0,55,0,0,0
80,2,13,0,1,0,55,0,0,0
81,2,14,0,1,0,55,0,0,0
82,2,15,0,1,0,55,0,0,0
83,2,16,0,1,0,64,0,0,0
84,2,17,0,1,0,64,0,0,0
85,2,18,0,1,0,64,0,0,0
86,2,19,0,1,0,64,0,0,0
87,2,20,0,1,0,65,0,0,0
88,2,21,0,1,0,65,0,0,0
89,2,22,0,1,0,65,0,0,0
90,2,23,0,1,0,65,0,0,0
91,2,24,0,1,0,66,0,0,0
92,2,25,0,1,0,66,0,0,0
93,2,26,0,1,0,66,0,0,0
94,2,27,0,1,0,66,0,0,0
95,2,28,0,1,0,67,0,0,0
96,2,29,0,1,0,67,0,0,0
97,2,30,0,1,0,67,0,0,0
98,2,31,0,1,0,67,0,0,0
99,2,32,0,1,0,76,0,0,0
100,3,0,0,1,0,43,0,0,0
101,3,1,0,1,0,52,0,0,0
102,3,2,0,1,0,52,0,0,0
103,3,3,0,1,0,52,0,0,0
104,3,4,0,1,0,53,0,0,0
105,3,5,0,1,0,53,0,0,0
106,3,6,0,1,0,53,0,0,0
107,3,7,0,1,0,53,0,0,0
108,3,8,0,1,0,54,0,0,0
109,3,9,0,1,0,54,0,0,0
110,3,10,0,1,0,54,0,0,0
111,3,11,0,1,0,54,0,0,0
112,3,12,0,1,0,55,0,0,0
113,3,13,0,1,0,55,0,0,0
114,3,14,0,1,0,55,0,0,0
115,3,15,0,1,0,55,0,0,0
116,3,16,0,1,0,64,0,0,0
117,3,17,0,1,0,64,0,0,0
118,3,18,0,1,0,64,0,0,0
119,3,19,0,1,0,64,0,0,0
120,3,20,0,1,0,65,0,0,0
121,3,21,0,1,0,65,0,0,0
122,3,22,0,1,0,65,0,0,0
123,3,23,0,1,0,65,0,0,0
124,3,24,0,1,0,66,0,0,0
125,3,25,0,1,0,66,0,0,0
126,3,26,0,1,0,66,0,0,0
127,3,27,0,1,0,66,0,0,0
128,3,28,0,1,0,67,0,0,0
129,3,29,0,1,0,67,0,0,0
130,3,30,0,1,0,67,0,0,0
131,3,31,0,1,0,67,0,0,0
132,3,32,0,1,0,76,0,0,0
133,4,0,0,1,0,44,0,0,0
134,4,1,0,1,0,53,0,0,0
135,4,2,0,1,0,53,0,0,0
136,4,3,0,1,0,53,0,0,0
137,4,4,0,1,0,54,0,0,0
138,4,5,0,1,0,54,0,0,0
139,4,6,0,1,0,54,0,0,0
140,4,7,0,1,0,54,0,0,0
141,4,8,0,1,0,55,0,0,0
142,4,9,0,1,0,55,0,0,0
143,4,10,0,1,0,55,0,0,0
144,4,11,0,1,0,55,0,0,0
145,4,12,0,1,0,56,0,0,0
146,4,13,0,1,0,56,0,0,0
147,4,14,0,1,0,56,0,0,0
148,4,15,0,1,0,56,0,0,0
149,4,16,0,1,0,65,0,0,0
150,4,17,0,1,0,65,0,0,0
151,4,18,0,1,0,65,0,0,0
152,4,19,0,1,0,65,0,0,0
153,4,20,0,1,0,66,0,0,0
154,4,21,0,1,0,66,0,0,0
155,4,22,0,1,0,66,0,0,0
156,4,23,0,1,0,66,0,0,0
157,4,24,0,1,0,67,0,0,0
158,4,25,0,1,0,67,0,0,0
159,4,26,0,1,0,67,0,0,0
160,4,27,0,1,0,67,0,0,0
161,4,28,0,1,0,68,0,0,0
162,4,29,0,1,0,68,0,0,0
163,4,30,0,1,0,68,0,0,0
164,4,31,0,1,0,68,0,0,0
165,4,32,0,1,0,77,0,0,0
166,5,0,0,1,0,44,0,0,0
167,5,1,0,1,0,53,0,0,0
168,5,2,0,1,0,53,0,0,0
169,5,3,0,1,0,53,0,0,0
170,5,4,0,1,0,54,0,0,0
171,5,5,0,1,0,54,0,0,0
172,5,6,0,1,0,54,0,0,0
173,5,7,0,1,0,54,0,0,0
174,5,8,0,1,0,55,0,0,0
175,5,9,0,1,0,55,0,0,0
176,5,10,0,1,0,55,0,0,0
177,5,11,0,1,0,55,0,0,0
178,5,12,0,1,0,56,0,0,0
179,5,13,0,1,0,56,0,0,0
180,5,14,0,1,0,56,0,0,0
181,5,15,0,1,0,56,0,0,0
182,5,16,0,1,0,65,0,0,0
183,5,17,0,1,0,65,0,0,0
184,5,18,0,1,0,65,0,0,0
185,5,19,0,1,0,65,0,0,0
186,5,20,0,1,0,66,0,0,0
187,5,21,0,1,0,66,0,0,0
188,5,22,0,1,0,66,0,0,0
189,5,23,0,1,0,66,0,0,0
190,5,24,0,1,0,67,0,0,0
191,5,25,0,1,0,67,0,0,0
192,5,26,0,1,0,67,0,0,0
193,5,27,0,1,0,67,0,0,0
194,5,28,0,1,0,68,0,0,0
195,5,29,0,1,0,68,0,0,0
196,5,30,0,1,0,68,0,0,0
197,5,31,0,1,0,68,0,0,0
198,5,32,0,1,0,77,0,0,0
199,6,0,0,1,0,44,0,0,0
200,6,1,0,1,0,53,0,0,0
201,6,2,0,1,0,53,0,0,0
202,6,3,0,1,0,53,0,0,0
203,6,4,0,1,0,54,0,0,0
204,6,5,0,1,0,54,0,0,0
205,6,6,0,1,0,54,0,0,0
206,6,7,0,1,0,54,0,0,0
207,6,8,0,1,0,55,0,0,0
208,6,9,0,1,0,55,0,0,0
209,6,10,0,1,0,55,0,0,0
210,6,11,0,1,0,55,0,0,0
211,6,12,0,1,0,56,0,0,0
212,6,13,0,1,0,56,0,0,0
213,6,14,0,1,0,56,0,0,0
214,6,15,0,1,0,56,0,0,0
215,6,16,0,1,0,65,0,0,0
216,6,17,0,1,0,65,0,0,0
217,6,18,0,1,0,65,0,0,0
218,6,19,0,1,0,65,0,0,0
219,6,20,0,1,0,66,0,0,0
220,6,21,0,1,0,66,0,0,0
221,6,22,0,1,0,66,0,0,0
222,6,23,0,1,0,66,0,0,0
223,6,24,0,1,0,67,0,0,0
224,6,25,0,1,0,67,0,0,0
225,6,26,0,1,0,67,0,0,0
226,6,27,0,1,0,67,0,0,0
227,6,28,0,1,0,68,0,0,0
228,6,29,0,1,0,68,0,0,0
229,6,30,0,1,0,68,0,0,0
230,6,31,0,1,0,68,0,0,0
231,6,32,0,1,0,77,0,0,0
232,7,0,0,1,0,44,0,0,0
233,7,1,0,1,0,53,0,0,0
234,7,2,0,1,0,53,0,0,0
235,7,3,0,1,0,53,0,0,0
236,7,4,0,1,0,54,0,0,0
237,7,5,0,1,0,54,0,0,0
238,7,6,0,1,0,54,0,0,0
239,7,7,0,1,0,54,0,0,0
240,7,8,0,1,0,55,0,0,0
241,7,9,0,1,0,55,0,0,0
242,7,10,0,1,0,55,0,0,0
243,7,11,0,1,0,55,0,0,0
244,7,12,0,1,0,56,0,0,0
245,7,13,0,1,0,56,0,0,0
246,7,14,0,1,0,56,0,0,0
247,7,15,0,1,0,56,0,0,0
248,7,16,0,1,0,65,0,0,0
249,7,17,0,1,0,65,0,0,0
250,7,18,0,1,0,65,0,0,0
251,7,19,0,1,0,65,0,0,0
252,7,20,0,1,0,66,0,0,0
253,7,21,0,1,0,66,0,0,0
254,7,22,0,1,0,66,0,0,0
255,7,23,0,1,0,66,0,0,0
256,7,24,0,1,0,67,0,0,0
257,7,25,0,1,0,67,0,0,0
258,7,26,0,1,0,67,0,0,0
259,7,27,0,1,0,67,0,0,0
260,7,28,0,1,0,68,0,0,0
261,7,29,0,1,0,68,0,0,0
262,7,30,0,1,0,68,0,0,0
263,7,31,0,1,0,68,0,0,0
264,7,32,0,1,0,77,0,0,0
265,8,0,0,1,0,45,0,0,0
266,8,1,0,1,0,54,0,0,0
267,8,2,0,1,0,54,0,0,0
268,8,3,0,1,0,54,0,0,0
269,8,4,0,1,0,55,0,0,0
270,8,5,0,1,0,55,0,0,0
271,8,6,0,1,0,55,0,0,0
272,8,7,0,1,0,55,0,0,0
273,8,8,0,1,0,56,0,0,0
274,8,9,0,1,0,56,0,0,0
275,8,10,0,1,0,56,0,0,0
276,8,11,0,1,0,56,0,0,0
277,8,12,0,1,0,57,0,0,0
278,8,13,0,1,0,57,0,0,0
279,8,14,0,1,0,57,0,0,0
280,8,15,0,1,0,57,0,0,0
281,8,16,0,1,0,66,0,0,0
282,8,17,0,1,0,66,0,0,0
283,8,18,0,1,0,66,0,0,0
284,8,19,0,1,0,66,0,0,0
285,8,20,0,1,0,67,0,0,0
286,8,21,0,1,0,67,0,0,0
287,8,22,0,1,0,67,0,0,0
288,8,23,0,1,0,67,0,0,0
289,8,24,0,1,0,68,0,0,0
290,8,25,0,1,0,68,0,0,0
291,8,26,0,1,0,68,0,0,0
292,8,27,0,1,0,68,0,0,0
293,8,28,0,1,0,69,0,0,0
294,8,29,0,1,0,69,0,0,0
295,8,30,0,1,0,69,0,0,0
296,8,31,0,1,0,69,0,0,0
297,8,32,0,1,0,78,0,0,0
298,9,0,0,1,0,45,0,0,0
299,9,1,0,1,0,54,0,0,0
300,9,2,0,1,0,54,0,0,0
301,9,3,0,1,0,54,0,0,0
302,9,4,0,1,0,55,0,0,0
303,9,5,0,1,0,55,0,0,0
304,9,6,0,1,0,55,0,0,0
305,9,7,0,1,0,55,0,0,0
306,9,8,0,1,0,56,0,0,0
307,9,9,0,1,0,56,0,0,0
308,9,10,0,1,0,56,0,0,0
309,9,11,0,1,0,56,0,0,0
310,9,12,0,1,0,57,0,0,0
311,9,13,0,1,0,57,0,0,0
312,9,14,0,1,0,57,0,0,0
313,9,15,0,1,0,57,0,0,0
314,9,16,0,1,0,66,0,0,0
315,9,17,0,1,0,66,0,0,0
316,9,18,0,1,0,66,0,0,0
317,9,19,0,1,0,66,0,0,0
318,9,20,0,1,0,67,0,0,0
319,9,21,0,1,0,67,0,0,0
320,9,22,0,1,0,67,0,0,0
321,9,23,0,1,0,67,0,0,0
322,9,24,0,1,0,68,0,0,0
323,9,25,0,1,0,68,0,0,0
324,9,26,0,1,0,68,0,0,0
325,9,27,0,1,0,68,0,0,0
326,9,28,0,1,0,69,0,0,0
327,9,29,0,1,0,69,0,0,0
328,9,30,0,1,0,69,0,0,0
329,9,31,0,1,0,69,0,0,0
330,9,32,0,1,0,78,0,0,0
331,10,0,0,1,0,45,0,0,0
332,10,1,0,1,0,54,0,0,0
333,10,2,0,1,0,54,0,0,0
334,10,3,0,1,0,54,0,0,0
335,10,4,0,1,0,55,0,0,0
336,10,5,0,1,0,55,0,0,0
337,10,6,0,1,0,55,0,0,0
338,10,7,0,1,0,55,0,0,0
339,10,8,0,1,0,56,0,0,0
340,10,9,0,1,0,56,0,0,0
341,10,10,0,1,0,56,0,0,0
342,10,11,0,1,0,56,0,0,0
343,10,12,0,1,0,57,0,0,0
344,10,13,0,1,0,57,0,0,0
345,10,14,0,1,0,57,0,0,0
346,10,15,0,1,0,57,0,0,0
347,10,16,0,1,0,66,0,0,0
348,10,17,0,1,0,66,0,0,0
349,10,18,0,1,0,66,0,0,0
350,10,19,0,1,0,66,0,0,0
351,10,20,0,1,0,67,0,0,0
352,10,21,0,1,0,67,0,0,0
353,10,22,0,1,0,67,0,0,0
354,10,23,0,1,0,67,0,0,0
355,10,24,0,1,0,68,0,0,0
356,10,25,0,1,0,68,0,0,0
357,10,26,0,1,0,68,0,0,0
358,10,27,0,1,0,68,0,0,0
359,10,28,0,1,0,69,0,0,0
360,10,29,0,1,0,69,0,0,0
361,10,30,0,1,0,69,0,0,0
362,10,31,0,1,0,69,0,0,0
363,10,32,0,1,0,78,0,0,0
364,11,0,0,1,0,45,0,0,0
365,11,1,0,1,0,54,0,0,0
366,11,2,0,1,0,54,0,0,0
367,11,3,0,1,0,54,0,0,0
368,11,4,0,1,0,55,0,0,0
369,11,5,0,1,0,55,0,0,0
370,11,6,0,1,0,55,0,0,0
371,11,7,0,1,0,55,0,0,0
372,11,8,0,1,0,56,0,0,0
373,11,9,0,1,0,56,0,0,0
374,11,10,0,1,0,56,0,0,0
375,11,11,0,1,0,56,0,0,0
376,11,12,0,1,0,57,0,0,0
377,11,13,0,1,0,57,0,0,0
378,11,14,0,1,0,57,0,0,0
379,11,15,0,1,0,57,0,0,0
380,11,16,0,1,0,66,0,0,0
381,11,17,0,1,0,66,0,0,0
382,11,18,0,1,0,66,0,0,0
383,11,19,0,1,0,66,0,0,0
384,11,20,0,1,0,67,0,0,0
385,11,21,0,1,0,67,0,0,0
386,11,22,0,1,0,67,0,0,0
387,11,23,0,1,0,67,0,0,0
388,11,24,0,1,0,68,0,0,0
389,11,25,0,1,0,68,0,0,0
390,11,26,0,1,0,68,0,0,0
391,11,27,0,1,0,68,0,0,0
392,11,28,0,1,0,69,0,0,0
393,11,29,0,1,0,69,0,0,0
394,11,30,0,1,0,69,0,0,0
395,11,31,0,1,0,69,0,0,0
396,11,32,0,1,0,78,0,0,0
397,12,0,0,1,0,46,0,0,0
398,12,1,0,1,0,55,0,0,0
399,12,2,0,1,0,55,0,0,0
400,12,3,0,1,0,55,0,0,0
401,12,4,0,1,0,56,0,0,0
402,12,5,0,1,0,56,0,0,0
403,12,6,0,1,0,56,0,0,0
404,12,7,0,1,0,56,0,0,0
405,12,8,0,1,0,57,0,0,0
406,12,9,0,1,0,57,0,0,0
407,12,10,0,1,0,57,0,0,0
408,12,11,0,1,0,57,0,0,0
409,12,12,0,1,0,58,0,0,0
410,12,13,0,1,0,58,0,0,0
411,12,14,0,1,0,58,0,0,0
412,12,15,0,1,0,58,0,0,0
413,12,16,0,1,0,67,0,0,0
414,12,17,0,1,0,67,0,0,0
415,12,18,0,1,0,67,0,0,0
416,12,19,0,1,0,67,0,0,0
417,12,20,0,1,0,68,0,0,0
418,12,21,0,1,0,68,0,0,0
419,12,22,0,1,0,68,0,0,0
420,12,23,0,1,0,68,0,0,0
421,12,24,0,1,0,69,0,0,0
422,12,25,0,1,0,69,0,0,0
423,12,26,0,1,0,69,0,0,0
424,12,27,0,1,0,69,0,0,0
425,12,28,0,1,0,70,0,0,0
426,12,29,0,1,0,70,0,0,0
427,12,30,0,1,0,70,0,0,0
428,12,31,0,1,0,70,0,0,0
429,12,32,0,1,0,79,0,0,0
430,13,0,0,1,0,46,0,0,0
431,13,1,0,1,0,55,0,0,0
432,13,2,0,1,0,55,0,0,0
433,13,3,0,1,0,55,0,0,0
434,13,4,0,1,0,56,0,0,0
435,13,5,0,1,0,56,0,0,0
436,13,6,0,1,0,56,0,0,0
437,13,7,0,1,0,56,0,0,0
438,13,8,0,1,0,57,0,0,0
439,13,9,0,1,0,57,0,0,0
440,13,10,0,1,0,57,0,0,0
441,13,11,0,1,0,57,0,0,0
442,13,12,0,1,0,58,0,0,0
443,13,13,0,1,0,58,0,0,0
444,13,14,0,1,0,58,0,0,0
445,13,15,0,1,0,58,0,0,0
446,13,16,0,1,0,67,0,0,0
447,13,17,0,1,0,67,0,0,0
448,13,18,0,1,0,67,0,0,0
449,13,19,0,1,0,67,0,0,0
450,13,20,0,1,0,68,0,0,0
451,13,21,0,1,0,68,0,0,0
452,13,22,0,1,0,68,0,0,0
453,13,23,0,1,0,68,0,0,0
454,13,24,0,1,0,69,0,0,0
455,13,25,0,1,0,69,0,0,0
456,13,26,0,1,0,69,0,0,0
457,13,27,0,1,0,69,0,0,0
458,13,28,0,1,0,70,0,0,0
459,13,29,0,1,0,70,0,0,0
460,13,30,0,1,0,70,0,0,0
461,13,31,0,1,0,70,0,0,0
462,13,32,0,1,0,79,0,0,0
463,14,0,0,1,0,46,0,0,0
464,14,1,0,1,0,55,0,0,0
465,14,2,0,1,0,55,0,0,0
466,14,3,0,1,0,55,0,0,0
467,14,4,0,1,0,56,0,0,0
468,14,5,0,1,0,56,0,0,0
469,14,6,0,1,0,56,0,0,0
470,14,7,0,1,0,56,0,0,0
471,14,8,0,1,0,57,0,0,0
472,14,9,0,1,0,57,0,0,0
473,14,10,0,1,0,57,0,0,0
474,14,11,0,1,0,57,0,0,0
475,14,12,0,1,0,58,0,0,0
476,14,13,0,1,0,58,0,0,0
477,14,14,0,1,0,58,0,0,0
478,14,15,0,1,0,58,0,0,0
479,14,16,0,1,0,67,0,0,0
480,14,17,0,1,0,67,0,0,0
481,14,18,0,1,0,67,0,0,0
482,14,19,0,1,0,67,0,0,0
483,14,20,0,1,0,68,0,0,0
484,14,21,0,1,0,68,0,0,0
485,14,22,0,1,0,68,0,0,0
486,14,23,0,1,0,68,0,0,0
487,14,24,0,1,0,69,0,0,0
488,14,25,0,1,0,69,0,0,0
489,14,26,0,1,0,69,0,0,0
490,14,27,0,1,0,69,0,0,0
491,14,28,0,1,0,70,0,0,0
492,14,29,0,1,0,70,0,0,0
493,14,30,0,1,0,70,0,0,0
494,14,31,0,1,0,70,0,0,0
495,14,32,0,1,0,79,0,0,0
496,15,0,0,1,0,46,0,0,0
497,15,1,0,1,0,55,0,0,0
498,15,2,0,1,0,55,0,0,0
499,15,3,0,1,0,55,0,0,0
500,15,4,0,1,0,56,0,0,0
501,15,5,0,1,0,56,0,0,0
502,15,6,0,1,0,56,0,0,0
503,15,7,0,1,0,56,0,0,0
504,15,8,0,1,0,57,0,0,0
505,15,9,0,1,0,57,0,0,0
506,15,10,0,1,0,57,0,0,0
507,15,11,0,1,0,57,0,0,0
508,15,12,0,1,0,58,0,0,0
509,15,13,0,1,0,58,0,0,0
510,15,14,0,1,0,58,0,0,0
511,15,15,0,1,0,58,0,0,0
512,15,16,0,1,0,67,0,0,0
513,15,17,0,1,0,67,0,0,0
514,15,18,0,1,0,67,0,0,0
515,15,19,0,1,0,67,0,0,0
516,15,20,0,1,0,68,0,0,0
517,15,21,0,1,0,68,0,0,0
518,15,22,0,1,0,68,0,0,0
519,15,23,0,1,0,68,0,0,0
520,15,24,0,1,0,69,0,0,0
521,15,25,0,1,0,69,0,0,0
522,15,26,0,1,0,69,0,0,0
523,15,27,0,1,0,69,0,0,0
524,15,28,0,1,0,70,0,0,0
525,15,29,0,1,0,70,0,0,0
526,15,30,0,1,0,70,0,0,0
527,15,31,0,1,0,70,0,0,0
528,15,32,0,1,0,79,0,0,0
529,16,0,0,1,0,55,0,0,0
530,16,1,0,1,0,64,0,0,0
531,16,2,0,1,0,64,0,0,0
532,16,3,0,1,0,64,0,0,0
533,16,4,0,1,0,65,0,0,0
534,16,5,0,1,0,65,0,0,0
535,16,6,0,1,0,65,0,0,0
536,16,7,0,1,0,65,0,0,0
537,16,8,0,1,0,66,0,0,0
538,16,9,0,1,0,66,0,0,0
539,16,10,0,1,0,66,0,0,0
540,16,11,0,1,0,66,0,0,0
541,16,12,0,1,0,67,0,0,0
542,16,13,0,1,0,67,0,0,0
543,16,14,0,1,0,67,0,0,0
544,16,15,0,1,0,67,0,0,0
545,16,16,0,1,0,76,0,0,0
546,16,17,0,1,0,76,0,0,0
547,16,18,0,1,0,76,0,0,0
548,16,19,0,1,0,76,0,0,0
549,16,20,0,1,0,77,0,0,0
550,16,21,0,1,0,77,0,0,0
551,16,22,0,1,0,77,0,0,0
552,16,23,0,1,0,77,0,0,0
553,16,24,0,1,0,78,0,0,0
554,16,25,0,1,0,78,0,0,0
555,16,26,0,1,0,78,0,0,0
556,16,27,0,1,0,78,0,0,0
557,16,28,0,1,0,79,0,0,0
558,16,29,0,1,0,79,0,0,0
559,16,30,0,1,0,79,0,0,0
560,16,31,0,1,0,79,0,0,0
561,16,32,0,1,0,88,0,0,0
562,17,0,0,1,0,55,0,0,0
563,17,1,0,1,0,64,0,0,0
564,17,2,0,1,0,64,0,0,0
565,17,3,0,1,0,64,0,0,0
566,17,4,0,1,0,65,0,0,0
567,17,5,0,1,0,65,0,0,0
568,17,6,0,1,0,65,0,0,0
569,17,7,0,1,0,65,0,0,0
570,17,8,0,1,0,66,0,0,0
571,17,9,0,1,0,66,0,0,0
572,17,10,0,1,0,66,0,0,0
573,17,11,0,1,0,66,0,0,0
574,17,12,0,1,0,67,0,0,0
575,17,13,0,1,0,67,0,0,0
576,17,14,0,1,0,67,0,0,0
577,17,15,0,1,0,67,0,0,0
578,17,16,0,1,0,76,0,0,0
579,17,17,0,1,0,76,0,0,0
580,17,18,0,1,0,76,0,0,0
581,17,19,0,1,0,76,0,0,0
582,17,20,0,1,0,77,0,0,0
583,17,21,0,1,0,77,0,0,0
584,17,22,0,1,0,77,0,0,0
585,17,23,0,1,0,77,0,0,0
586,17,24,0,1,0,78,0,0,0
587,17,25,0,1,0,78,0,0,0
588,17,26,0,1,0,78,0,0,0
589,17,27,0,1,0,78,0,0,0
590,17,28,0,1,0,79,0,0,0
591,17,29,0,1,0,79,0,0,0
592,17,30,0,1,0,79,0,0,0
593,17,31,0,1,0,79,0,0,0
594,17,32,0,1,0,88,0,0,0
595,18,0,0,1,0,55,0,0,0
596,18,1,0,1,0,64,0,0,0
597,18,2,0,1,0,64,0,0,0
598,18,3,0,1,0,64,0,0,0
599,18,4,0,1,0,65,0,0,0
600,18,5,0,1,0,65,0,0,0
601,18,6,0,1,0,65,0,0,0
602,18,7,0,1,0,65,0,0,0
603,18,8,0,1,0,66,0,0,0
604,18,9,0,1,0,66,0,0,0
605,18,10,0,1,0,66,0,0,0
606,18,11,0,1,0,66,0,0,0
607,18,12,0,1,0,67,0,0,0
608,18,13,0,1,0,67,0,0,0
609,18,14,0,1,0,67,0,0,0
610,18,15,0,1,0,67,0,0,0
611,18,16,0,1,0,76,0,0,0
612,18,17,0,1,0,76,0,0,0
613,18,18,0,1,0,76,0,0,0
614,18,19,0,1,0,76,0,0,0
615,18,20,0,1,0,77,0,0,0
616,18,21,0,1,0,77,0,0,0
617,18,22,0,1,0,77,0,0,0
618,18,23,0,1,0,77,0,0,0
619,18,24,0,1,0,78,0,0,0
620,18,25,0,1,0,78,0,0,0
621,18,26,0,1,0,78,0,0,0
622,18,27,0,1,0,78,0,0,0
623,18,28,0,1,0,79,0,0,0
624,18,29,0,1,0,79,0,0,0
625,18,30,0,1,0,79,0,0,0
626,18,31,0,1,0,79,0,0,0
627,18,32,0,1,0,88,0,0,0
628,19,0,0,1,0,55,0,0,0
629,19,1,0,1,0,64,0,0,0
630,19,2,0,1,0,64,0,0,0
631,19,3,0,1,0,64,0,0,0
632,19,4,0,1,0,65,0,0,0
633,19,5,0,1,0,65,0,0,0
634,19,6,0,1,0,65,0,0,0
635,19,7,0,1,0,65,0,0,0
636,19,8,0,1,0,66,0,0,0
637,19,9,0,1,0,66,0,0,0
638,19,10,0,1,0,66,0,0,0
639,19,11,0,1,0,66,0,0,0
640,19,12,0,1,0,67,0,0,0
641,19,13,0,1,0,67,0,0,0
642,19,14,0,1,0,67,0,0,0
643,19,15,0,1,0,67,0,0,0
644,19,16,0,1,0,76,0,0,0
645,19,17,0,1,0,76,0,0,0
646,19,18,0,1,0,76,0,0,0
647,19,19,0,1,0,76,0,0,0
648,19,20,0,1,0,77,0,0,0
649,19,21,0,1,0,77,0,0,0
650,19,22,0,1,0,77,0,0,0
651,19,23,0,1,0,77,0,0,0
652,19,24,0,1,0,78,0,0,0
653,19,25,0,1,0,78,0,0,0
654,19,26,0,1,0,78,0,0,0
655,19,27,0,1,0,78,0,0,0
656,19,28,0,1,0,79,0,0,0
657,19,29,0,1,0,79,0,0,0
658,19,30,0,1,0,79,0,0,0
659,19,31,0,1,0,79,0,0,0
660,19,32,0,1,0,88,0,0,0
661,20,0,0,1,0,56,0,0,0
662,20,1,0,1,0,65,0,0,0
663,20,2,0,1,0,65,0,0,0
664,20,3,0,1,0,65,0,0,0
665,20,4,0,1,0,66,0,0,0
666,20,5,0,1,0,66,0,0,0
667,20,6,0,1,0,66,0,0,0
668,20,7,0,1,0,66,0,0,0
669,20,8,0,1,0,67,0,0,0
670,20,9,0,1,0,67,0,0,0
671,20,10,0,1,0,67,0,0,0
672,20,11,0,1,0,67,0,0,0
673,20,12,0,1,0,68,0,0,0
674,20,13,0,1,0,68,0,0,0
675,20,14,0,1,0,68,0,0,0
676,20,15,0,1,0,68,0,0,0
677,20,16,0,1,0,77,0,0,0
678,20,17,0,1,0,77,0,0,0
679,20,18,0,1,0,77,0,0,0
680,20,19,0,1,0,77,0,0,0
681,20,20,0,1,0,78,0,0,0
682,20,21,0,1,0,78,0,0,0
683,20,22,0,1,0,78,0,0,0
684,20,23,0,1,0,78,0,0,0
685,20,24,0,1,0,79,0,0,0
686,20,25,0,1,0,79,0,0,0
687,20,26,0,1,0,79,0,0,0
688,20,27,0,1,0,79,0,0,0
689,20,28,0,1,0,80,0,0,0
690,20,29,0,1,0,80,0,0,0
691,20,30,0,1,0,80,0,0,0
692,20,31,0,1,0,80,0,0,0
693,20,32,0,1,0,89,0,0,0
694,21,0,0,1,0,56,0,0,0
695,21,1,0,1,0,65,0,0,0
696,21,2,0,1,0,65,0,0,0
697,21,3,0,1,0,65,0,0,0
698,21,4,0,1,0,66,0,0,0
699,21,5,0,1,0,66,0,0,0
700,21,6,0,1,0,66,0,0,0
701,21,7,0,1,0,66,0,0,0
702,21,8,0,1,0,67,0,0,0
703,21,9,0,1,0,67,0,0,0
704,21,10,0,1,0,67,0,0,0
705,21,11,0,1,0,67,0,0,0
706,21,12,0,1,0,68,0,0,0
707,21,13,0,1,0,68,0,0,0
708,21,14,0,1,0,68,0,0,0
709,21,15,0,1,0,68,0,0,0
710,21,16,0,1,0,77,0,0,0
711,21,17,0,1,0,77,0,0,0
712,21,18,0,1,0,77,0,0,0
713,21,19,0,1,0,77,0,0,0
714,21,20,0,1,0,78,0,0,0
715,21,21,0,1,0,78,0,0,0
716,21,22,0,1,0,78,0,0,0
717,21,23,0,1,0,78,0,0,0
718,21,24,0,1,0,79,0,0,0
719,21,25,0,1,0,79,0,0,0
720,21,26,0,1,0,79,0,0,0
721,21,27,0,1,0,79,0,0,0
722,21,28,0,1,0,80,0,0,0
723,21,29,0,1,0,80,0,0,0
724,21,30,0,1,0,80,0,0,0
725,21,31,0,1,0,80,0,0,0
726,21,32,0,1,0,89,0,0,0
727,22,0,0,1,0,56,0,0,0
728,22,1,0,1,0,65,0,0,0
729,22,2,0,1,0,65,0,0,0
730,22,3,0,1,0,65,0,0,0
731,22,4,0,1,0,66,0,0,0
732,22,5,0,1,0,66,0,0,0
733,22,6,0,1,0,66,0,0,0
734,22,7,0,1,0,66,0,0,0
735,22,8,0,1,0,67,0,0,0
736,22,9,0,1,0,67,0,0,0
737,22,10,0,1,0,67,0,0,0
738,22,11,0,1,0,67,0,0,0
739,22,12,0,1,0,68,0,0,0
740,22,13,0,1,0,68,0,0,0
741,22,14,0,1,0,68,0,0,0
742,22,15,0,1,0,68,0,0,0
743,22,16,0,1,0,77,0,0,0
744,22,17,0,1,0,77,0,0,0
745,22,18,0,1,0,77,0,0,0
746,22,19,0,1,0,77,0,0,0
747,22,20,0,1,0,78,0,0,0
748,22,21,0,1,0,78,0,0,0
749,22,22,0,1,0,78,0,0,0
750,22,23,0,1,0,78,0,0,0
751,22,24,0,1,0,79,0,0,0
752,22,25,0,1,0,79,0,0,0
753,22,26,0,1,0,79,0,0,0
754,22,27,0,1,0,79,0,0,0
755,22,28,0,1,0,80,0,0,0
756,22,29,0,1,0,80,0,0,0
757,22,30,0,1,0,80,0,0,0
758,22,31,0,1,0,80,0,0,0
759,22,32,0,1,0,89,0,0,0
760,23,0,0,1,0,56,0,0,0
761,23,1,0,1,0,65,0,0,0
762,23,2,0,1,0,65,0,0,0
763,23,3,0,1,0,65,0,0,0
764,23,4,0,1,0,66,0,0,0
765,23,5,0,1,0,66,0,0,0
766,23,6,0,1,0,66,0,0,0
767,23,7,0,1,0,66,0,0,0
768,23,8,0,1,0,67,0,0,0
769,23,9,0,1,0,67,0,0,0
770,23,10,0,1,0,67,0,0,0
771,23,11,0,1,0,67,0,0,0
772,23,12,0,1,0,68,0,0,0
773,23,13,0,1,0,68,0,0,0
774,23,14,0,1,0,68,0,0,0
775,23,15,0,1,0,68,0,0,0
776,23,16,0,1,0,77,0,0,0
777,23,17,0,1,0,77,0,0,0
778,23,18,0,1,0,77,0,0,0
779,23,19,0,1,0,77,0,0,0
780,23,20,0,1,0,78,0,0,0
781,23,21,0,1,0,78,0,0,0
782,23,22,0,1,0,78,0,0,0
783,23,23,0,1,0,78,0,0,0
784,23,24,0,1,0,79,0,0,0
785,23,25,0,1,0,79,0,0,0
786,23,26,0,1,0,79,0,0,0
787,23,27,0,1,0,79,0,0,0
788,23,28,0,1,0,80,0,0,0
789,23,29,0,1,0,80,0,0,0
790,23,30,0,1,0,80,0,0,0
791,23,31,0,1,0,80,0,0,0
792,23,32,0,1,0,89,0,0,0
793,24,0,0,1,0,57,0,0,0
794,24,1,0,1,0,66,0,0,0
795,24,2,0,1,0,66,0,0,0
796,24,3,0,1,0,66,0,0,0
797,24,4,0,1,0,67,0,0,0
798,24,5,0,1,0,67,0,0,0
799,24,6,0,1,0,67,0,0,0
800,24,7,0,1,0,67,0,0,0
801,24,8,0,1,0,68,0,0,0
802,24,9,0,1,0,68,0,0,0
803,24,10,0,1,0,68,0,0,0
804,24,11,0,1,0,68,0,0,0
805,24,12,0,1,0,69,0,0,0
806,24,13,0,1,0,69,0,0,0
807,24,14,0,1,0,69,0,0,0
808,24,15,0,1,0,69,0,0,0
809,24,16,0,1,0,78,0,0,0
810,24,17,0,1,0,78,0,0,0
811,24,18,0,1,0,78,0,0,0
812,24,19,0,1,0,78,0,0,0
813,24,20,0,1,0,79,0,0,0
814,24,21,0,1,0,79,0,0,0
815,24,22,0,1,0,79,0,0,0
816,24,23,0,1,0,79,0,0,0
817,24,24,0,1,0,80,0,0,0
818,24,25,0,1,0,80,0,0,0
819,24,26,0,1,0,80,0,0,0
820,24,27,0,1,0,80,0,0,0
821,24,28,0,1,0,81,0,0,0
822,24,29,0,1,0,81,0,0,0
823,24,30,0,1,0,81,0,0,0
824,24,31,0,1,0,81,0,0,0
825,24,32,0,1,0,90,0,0,0
826,25,0,0,1,0,57,0,0,0
827,25,1,0,1,0,66,0,0,0
828,25,2,0,1,0,66,0,0,0
829,25,3,0,1,0,66,0,0,0
830,25,4,0,1,0,67,0,0,0
831,25,5,0,1,0,67,0,0,0
832,25,6,0,1,0,67,0,0,0
833,25,7,0,1,0,67,0,0,0
834,25,8,0,1,0,68,0,0,0
835,25,9,0,1,0,68,0,0,0
836,25,10,0,1,0,68,0,0,0
837,25,11,0,1,0,68,0,0,0
838,25,12,0,1,0,69,0,0,0
839,25,13,0,1,0,69,0,0,0
840,25,14,0,1,0,69,0,0,0
841,25,15,0,1,0,69,0,0,0
842,25,16,0,1,0,78,0,0,0
843,25,17,0,1,0,78,0,0,0
844,25,18,0,1,0,78,0,0,0
845,25,19,0,1,0,78,0,0,0
846,25,20,0,1,0,79,0,0,0
847,25,21,0,1,0,79,0,0,0
848,25,22,0,1,0,79,0,0,0
849,25,23,0,1,0,79,0,0,0
850,25,24,0,1,0,80,0,0,0
851,25,25,0,1,0,80,0,0,0
852,25,26,0,1,0,80,0,0,0
853,25,27,0,1,0,80,0,0,0
854,25,28,0,1,0,81,0,0,0
855,25,29,0,1,0,81,0,0,0
856,25,30,0,1,0,81,0,0,0
857,25,31,0,1,0,81,0,0,0
858,25,32,0,1,0,90,0,0,0
859,26,0,0,1,0,57,0,0,0
860,26,1,0,1,0,66,0,0,0
861,26,2,0,1,0,66,0,0,0
862,26,3,0,1,0,66,0,0,0
863,26,4,0,1,0,67,0,0,0
864,26,5,0,1,0,67,0,0,0
865,26,6,0,1,0,67,0,0,0
866,26,7,0,1,0,67,0,0,0
867,26,8,0,1,0,68,0,0,0
868,26,9,0,1,0,68,0,0,0
869,26,10,0,1,0,68,0,0,0
870,26,11,0,1,0,68,0,0,0
871,26,12,0,1,0,69,0,0,0
872,26,13,0,1,0,69,0,0,0
873,26,14,0,1,0,69,0,0,0
874,26,15,0,1,0,69,0,0,0
875,26,16,0,1,0,78,0,0,0
876,26,17,0,1,0,78,0,0,0
877,26,18,0,1,0,78,0,0,0
878,26,19,0,1,0,78,0,0,0
879,26,20,0,1,0,79,0,0,0
880,26,21,0,1,0,79,0,0,0
881,26,22,0,1,0,79,0,0,0
882,26,23,0,1,0,79,0,0,0
883,26,24,0,1,0,80,0,0,0
884,26,25,0,1,0,80,0,0,0
885,26,26,0,1,0,80,0,0,0
886,26,27,0,1,0,80,0,0,0
887,26,28,0,1,0,81,0,0,0
888,26,29,0,1,0,81,0,0,0
889,26,30,0,1,0,81,0,0,0
890,26,31,0,1,0,81,0,0,0
891,26,32,0,1,0,90,0,0,0
892,27,0,0,1,0,57,0,0,0
893,27,1,0,1,0,66,0,0,0
894,27,2,0,1,0,66,0,0,0
895,27,3,0,1,0,66,0,0,0
896,27,4,0,1,0,67,0,0,0
897,27,5,0,1,0,67,0,0,0
898,27,6,0,1,0,67,0,0,0
899,27,7,0,1,0,67,0,0,0
900,27,8,0,1,0,68,0,0,0
901,27,9,0,1,0,68,0,0,0
902,27,10,0,1,0,68,0,0,0
903,27,11,0,1,0,68,0,0,0
904,27,12,0,1,0,69,0,0,0
905,27,13,0,1,0,69,0,0,0
906,27,14,0,1,0,69,0,0,0
907,27,15,0,1,0,69,0,0,0
908,27,16,0,1,0,78,0,0,0
909,27,17,0,1,0,78,0,0,0
910,27,18,0,1,0,78,0,0,0
911,27,19,0,1,0,78,0,0,0
912,27,20,0,1,0,79,0,0,0
913,27,21,0,1,0,79,0,0,0
914,27,22,0,1,0,79,0,0,0
915,27,23,0,1,0,79,0,0,0
916,27,24,0,1,0,80,0,0,0
917,27,25,0,1,0,80,0,0,0
918,27,26,0,1,0,80,0,0,0
919,27,27,0,1,0,80,0,0,0
920,27,28,0,1,0,81,0,0,0
921,27,29,0,1,0,81,0,0,0
922,27,30,0,1,0,81,0,0,0
923,27,31,0,1,0,81,0,0,0
924,27,32,0,1,0,90,0,0,0
925,28,0,0,1,0,58,0,0,0
926,28,1,0,1,0,67,0,0,0
927,28,2,0,1,0,67,0,0,0
928,28,3,0,1,0,67,0,0,0
929,28,4,0,1,0,68,0,0,0
930,28,5,0,1,0,68,0,0,0
931,28,6,0,1,0,68,0,0,0
932,28,7,0,1,0,68,0,0,0
933,28,8,0,1,0,69,0,0,0
934,28,9,0,1,0,69,0,0,0
935,28,10,0,1,0,69,0,0,0
936,28,11,0,1,0,69,0,0,0
937,28,12,0,1,0,70,0,0,0
938,28,13,0,1,0,70,0,0,0
939,28,14,0,1,0,70,0,0,0
940,28,15,0,1,0,70,0,0,0
941,28,16,0,1,0,79,0,0,0
942,28,17,0,1,0,79,0,0,0
943,28,18,0,1,0,79,0,0,0
944,28,19,0,1,0,79,0,0,0
945,28,20,0,1,0,80,0,0,0
946,28,21,0,1,0,80,0,0,0
947,28,22,0,1,0,80,0,0,0
948,28,23,0,1,0,80,0,0,0
949,28,24,0,1,0,81,0,0,0
950,28,25,0,1,0,81,0,0,0
951,28,26,0,1,0,81,0,0,0
952,28,27,0,1,0,81,0,0,0
953,28,28,0,1,0,82,0,0,0
954,28,29,0,1,0,82,0,0,0
955,28,30,0,1,0,82,0,0,0
956,28,31,0,1,0,82,0,0,0
957,28,32,0,1,0,91,0,0,0
958,29,0,0,1,0,58,0,0,0
959,29,1,0,1,0,67,0,0,0
960,29,2,0,1,0,67,0,0,0
961,29,3,0,1,0,67,0,0,0
962,29,4,0,1,0,68,0,0,0
963,29,5,0,1,0,68,0,0,0
964,29,6,0,1,0,68,0,0,0
965,29,7,0,1,0,68,0,0,0
966,29,8,0,1,0,69,0,0,0
967,29,9,0,1,0,69,0,0,0
968,29,10,0,1,0,69,0,0,0
969,29,11,0,1,0,69,0,0,0
970,29,12,0,1,0,70,0,0,0
971,29,13,0,1,0,70,0,0,0
972,29,14,0,1,0,70,0,0,0
973,29,15,0,1,0,70,0,0,0
974,29,16,0,1,0,79,0,0,0
975,29,17,0,1,0,79,0,0,0
976,29,18,0,1,0,79,0,0,0
977,29,19,0,1,0,79,0,0,0
978,29,20,0,1,0,80,0,0,0
979,29,21,0,1,0,80,0,0,0
980,29,22,0,1,0,80,0,0,0
981,29,23,0,1,0,80,0,0,0
982,29,24,0,1,0,81,0,0,0
983,29,25,0,1,0,81,0,0,0
984,29,26,0,1,0,81,0,0,0
985,29,27,0,1,0,81,0,0,0
986,29,28,0,1,0,82,0,0,0
987,29,29,0,1,0,82,0,0,0
988,29,30,0,1,0,82,0,0,0
989,29,31,0,1,0,82,0,0,0
990,29,32,0,1,0,91,0,0,0
991,30,0,0,1,0,58,0,0,0
992,30,1,0,1,0,67,0,0,0
993,30,2,0,1,0,67,0,0,0
994,30,3,0,1,0,67,0,0,0
995,30,4,0,1,0,68,0,0,0
996,30,5,0,1,0,68,0,0,0
997,30,6,0,1,0,68,0,0,0
998,30,7,0,1,0,68,0,0,0
999,30,8,0,1,0,69,0,0,0
1000,30,9,0,1,0,69,0,0,0
1001,30,10,0,1,0,69,0,0,0
1002,30,11,0,1,0,69,0,0,0
1003,30,12,0,1,0,70,0,0,0
1004,30,13,0,1,0,70,0,0,0
1005,30,14,0,1,0,70,0,0,0
1006,30,15,0,1,0,70,0,0,0
1007,30,16,0,1,0,79,0,0,0
1008,30,17,0,1,0,79,0,0,0
1009,30,18,0,1,0,79,0,0,0
1010,30,19,0,1,0,79,0,0,0
1011,30,20,0,1,0,80,0,0,0
1012,30,21,0,1,0,80,0,0,0
1013,30,22,0,1,0,80,0,0,0
1014,30,23,0,1,0,80,0,0,0
1015,30,24,0,1,0,81,0,0,0
1016,30,25,0,1,0,81,0,0,0
1017,30,26,0,1,0,81,0,0,0
1018,30,27,0,1,0,81,0,0,0
1019,30,28,0,1,0,82,0,0,0
1020,30,29,0,1,0,82,0,0,0
1021,30,30,0,1,0,82,0,0,0
1022,30,31,0,1,0,82,0,0,0
1023,30,32,0,1,0,91,0,0,0
1024,31,0,0,1,0,58,0,0,0
1025,31,1,0,1,0,67,0,0,0
1026,31,2,0,1,0,67,0,0,0
1027,31,3,0,1,0,67,0,0,0
1028,31,4,0,1,0,68,0,0,0
1029,31,5,0,1,0,68,0,0,0
1030,31,6,0,1,0,68,0,0,0
1031,31,7,0,1,0,68,0,0,0
1032,31,8,0,1,0,69,0,0,0
1033,31,9,0,1,0,69,0,0,0
1034,31,10,0,1,0,69,0,0,0
1035,31,11,0,1,0,69,0,0,0
1036,31,12,0,1,0,70,0,0,0
1037,31,13,0,1,0,70,0,0,0
1038,31,14,0,1,0,70,0,0,0
1039,31,15,0,1,0,70,0,0,0
1040,31,16,0,1,0,79,0,0,0
1041,31,17,0,1,0,79,0,0,0
1042,31,18,0,1,0,79,0,0,0
1043,31,19,0,1,0,79,0,0,0
1044,31,20,0,1,0,80,0,0,0
1045,31,21,0,1,0,80,0,0,0
1046,31,22,0,1,0,80,0,0,0
1047,31,23,0,1,0,80,0,0,0
1048,31,24,0,1,0,81,0,0,0
1049,31,25,0,1,0,81,0,0,0
1050,31,26,0,1,0,81,0,0,0
1051,31,27,0,1,0,81,0,0,0
1052,31,28,0,1,0,82,0,0,0
1053,31,29,0,1,0,82,0,0,0
1054,31,30,0,1,0,82,0,0,0
1055,31,31,0,1,0,82,0,0,0
1056,31,32,0,1,0,91,0,0,0
1057,32,0,0,1,0,67,0,0,0
1058,32,1,0,1,0,76,0,0,0
1059,32,2,0,1,0,76,0,0,0
1060,32,3,0,1,0,76,0,0,0
1061,32,4,0,1,0,77,0,0,0
1062,32,5,0,1,0,77,0,0,0
1063,32,6,0,1,0,77,0,0,0
1064,32,7,0,1,0,77,0,0,0
1065,32,8,0,1,0,78,0,0,0
1066,32,9,0,1,0,78,0,0,0
1067,32,10,0,1,0,78,0,0,0
1068,32,11,0,1,0,78,0,0,0
1069,32,12,0,1,0,79,0,0,0
1070,32,13,0,1,0,79,0,0,0
1071,32,14,0,1,0,79,0,0,0
1072,32,15,0,1,0,79,0,0,0
1073,32,16,0,1,0,88,0,0,0
1074,32,17,0,1,0,88,0,0,0
1075,32,18,0,1,0,88,0,0,0
1076,32,19,0,1,0,88,0,0,0
1077,32,20,0,1,0,89,0,0,0
1078,32,21,0,1,0,89,0,0,0
1079,32,22,0,1,0,89,0,0,0
1080,32,23,0,1,0,89,0,0,0
1081,32,24,0,1,0,90,0,0,0
1082,32,25,0,1,0,90,0,0,0
1083,32,26,0,1,0,90,0,0,0
1084,32,27,0,1,0,90,0,0,0
1085,32,28,0,1,0,91,0,0,0
1086,32,29,0,1,0,91,0,0,0
1087,32,30,0,1,0,91,0,0,0
1088,32,31,0,1,0,91,0,0,0
1089,32,32,0,1,0,100,0,0,0
1090,1,32,1,1,1,76,1,1,1
1091,4,32,1,1,1,77,1,2,1
1092,15,32,1,1,1,79,1,3,4
1093,16,32,1,1,1,88,1,4,4
1094,17,32,1,1,1,88,1,5,5
1095,31,32,1,1,1,91,1,6,8
1096,32,32,1,1,1,100,1,7,8
1097,33,32,1,1,1,100,1,8,9
1098,63,32,1,1,1,115,1,9,16
1099,64,32,1,1,1,124,1,10,16
1100,1,32,1,1,1,76,1,11,1
1101,4,32,1,1,1,77,1,12,1
1102,15,32,1,1,1,79,1,13,4
1103,16,32,1,1,1,88,1,14,4
1104,17,32,1,1,1,88,1,15,5
1105,31,32,1,1,1,91,1,16,8
1106,32,32,1,1,1,100,1,17,8
1107,33,32,1,1,1,100,1,18,9
1108,63,32,1,1,1,115,1,19,16
1109,64,32,1,1,1,124,1,20,16
1110,1,32,1,1,1,76,1,21,1
1111,4,32,1,1,1,77,1,22,1
1112,15,32,1,1,1,79,1,23,4
1113,16,32,1,1,1,88,1,24,4
1114,17,32,1,1,1,88,1,25,5
1115,31,32,1,1,1,91,1,26,8
1116,32,32,1,1,1,100,1,27,8
1117,33,32,1,1,1,100,1,28,9
1118,63,32,1,1,1,115,1,29,16
1119,64,32,1,1,1,124,1,30,16
1120,1,32,1,1,1,76,1,31,1
1121,4,32,1,1,1,77,1,32,1
1122,15,32,1,1,1,79,1,33,4
1123,16,32,1,1,1,88,1,34,4
1124,17,32,1,1,1,88,1,35,5
1125,31,32,1,1,1,91,1,36,8
1126,32,32,1,1,1,100,1,37,8
1127,33,32,1,1,1,100,1,38,9
1128,63,32,1,1,1,115,1,39,16
1129,64,32,1,1,1,124,1,40,16
1130,1,32,1,1,1,76,1,41,1
1131,4,32,1,1,1,77,1,42,1
1132,15,32,1,1,1,79,1,43,4
1133,16,32,1,1,1,88,1,44,4
1134,17,32,1,1,1,88,1,45,5
1135,31,32,1,1,1,91,1,46,8
1136,32,32,1,1,1,100,1,47,8
1137,33,32,1,1,1,100,1,48,9
1138,63,32,1,1,1,115,1,49,16
1139,64,32,1,1,1,124,1,50,16
1140,1,32,1,1,1,76,1,51,1
1141,4,32,1,1,1,77,1,52,1
1142,15,32,1,1,1,79,1,53,4
1143,16,32,1,1,1,88,1,54,4
1144,17,32,1,1,1,88,1,55,5
1145,31,32,1,1,1,91,1,56,8
1146,32,32,1,1,1,100,1,57,8
1147,33,32,1,1,1,100,1,58,9
1148,63,32,1,1,1,115,1,59,16
1149,64,32,1,1,1,124,1,60,16
1150,1,32,1,1,1,76,1,61,1
1151,4,32,1,1,1,77,1,62,1
1152,15,32,1,1,1,79,1,63,4
1153,16,32,1,1,1,88,1,64,4
1154,17,32,1,1,1,88,1,65,5
1155,31,32,1,1,1,91,1,66,8
1156,32,32,1,1,1,100,1,67,8
1157,33,32,1,1,1,100,1,68,9
1158,63,32,1,1,1,115,1,69,16
1159,64,32,1,1,1,124,1,70,16
1160,1,32,1,1,1,76,1,71,1
1161,4,32,1,1,1,77,1,72,1
1162,15,32,1,1,1,79,1,73,4
1163,16,32,1,1,1,88,1,74,4
1164,17,32,1,1,1,88,1,75,5
1165,31,32,1,1,1,91,1,76,8
1166,32,32,1,1,1,100,1,77,8
1167,33,32,1,1,1,100,1,78,9
1168,63,32,1,1,1,115,1,79,16
1169,64,32,1,1,1,124,1,80,16
1170,1,32,1,1,1,76,1,81,1
1171,4,32,1,1,1,77,1,82,1
1172,15,32,1,1,1,79,1,83,4
1173,16,32,1,1,1,88,1,84,4
1174,17,32,1,1,1,88,1,85,5
1175,31,32,1,1,1,91,1,86,8
1176,32,32,1,1,1,100,1,87,8
1177,33,32,1,1,1,100,1,88,9
1178,63,32,1,1,1,115,1,89,16
1179,64,32,1,1,1,124,1,90,16
1180,1,32,1,1,1,76,1,91,1
1181,4,32,1,1,1,77,1,92,1
1182,15,32,1,1,1,79,1,93,4
1183,16,32,1,1,1,88,1,94,4
1184,17,32,1,1,1,88,1,95,5
1185,31,32,1,1,1,91,1,96,8
1186,32,32,1,1,1,100,1,97,8
1187,33,32,1,1,1,100,1,98,9
1188,63,32,1,1,1,115,1,99,16
1189,64,32,1,1,1,124,1,100,16
1190,5,32,1,1,1,77,1,101,2
1191,40,32,1,1,1,102,1,102,10
1192,49,32,1,1,1,112,1,103,13
1193,41,32,1,1,1,102,1,104,11
1194,58,32,1,1,1,114,1,105,15
1195,59,32,1,1,1,114,1,106,15
1196,54,32,1,1,1,113,1,107,14
1197,43,32,1,1,1,102,1,108,11
1198,64,32,1,1,1,124,1,109,16
1199,1,32,1,1,1,76,1,110,1
1200,34,32,1,1,1,100,1,111,9
1201,12,32,1,1,1,79,1,112,3
1202,31,32,1,1,1,91,1,113,8
1203,16,32,1,1,1,88,1,114,4
1204,31,32,1,1,1,91,1,115,8
1205,15,32,1,1,1,79,1,116,4
1206,55,32,1,1,1,113,1,117,14
1207,8,32,1,1,1,78,1,118,2
1208,57,32,1,1,1,114,1,119,15
1209,61,32,1,1,1,115,1,120,16
1210,3,32,1,1,1,76,1,121,1
1211,8,32,1,1,1,78,1,122,2
1212,21,32,1,1,1,89,1,123,6
1213,33,32,1,1,1,100,1,124,9
1214,52,32,1,1,1,113,1,125,13
1215,1,32,1,1,1,76,1,126,1
1216,3,32,1,1,1,76,1,127,1
1217,58,32,1,1,1,114,1,128,15
1218,52,32,1,1,1,113,1,129,13
1219,33,32,1,1,1,100,1,130,9
1220,19,32,1,1,1,88,1,131,5
1221,62,32,1,1,1,115,1,132,16
1222,35,32,1,1,1,100,1,133,9
1223,37,32,1,1,1,101,1,134,10
1224,63,32,1,1,1,115,1,135,16
1225,62,32,1,1,1,115,1,136,16
1226,45,32,1,1,1,103,1,137,12
1227,37,32,1,1,1,101,1,138,10
1228,59,32,1,1,1,114,1,139,15
1229,62,32,1,1,1,115,1,140,16
1230,37,32,1,1,1,101,1,141,10
1231,27,32,1,1,1,90,1,142,7
1232,2,32,1,1,1,76,1,143,1
1233,8,32,1,1,1,78,1,144,2
1234,62,32,1,1,1,115,1,145,16
1235,64,32,1,1,1,124,1,146,16
1236,18,32,1,1,1,88,1,147,5
1237,39,32,1,1,1,101,1,148,10
1238,4,32,1,1,1,77,1,149,1
1239,28,32,1,1,1,91,1,150,7
1240,21,32,1,1,1,89,1,151,6
1241,9,32,1,1,1,78,1,152,3
1242,48,32,1,1,1,112,1,153,12
1243,54,32,1,1,1,113,1,154,14
1244,39,32,1,1,1,101,1,155,10
1245,20,32,1,1,1,89,1,156,5
1246,16,32,1,1,1,88,1,157,4
1247,34,32,1,1,1,100,1,158,9
1248,11,32,1,1,1,78,1,159,3
1249,17,32,1,1,1,88,1,160,5
1250,33,32,1,1,1,100,1,161,9
1251,61,32,1,1,1,115,1,162,16
1252,1,32,1,1,1,76,1,163,1
1253,26,32,1,1,1,90,1,164,7
1254,60,32,1,1,1,115,1,165,15
1255,15,32,1,1,1,79,1,166,4
1256,18,32,1,1,1,88,1,167,5
1257,32,32,1,1,1,100,1,168,8
1258,56,32,1,1,1,114,1,169,14
1259,51,32,1,1,1,112,1,170,13
1260,36,32,1,1,1,101,1,171,9
1261,51,32,1,1,1,112,1,172,13
1262,37,32,1,1,1,101,1,173,10
1263,50,32,1,1,1,112,1,174,13
1264,22,32,1,1,1,89,1,175,6
1265,10,32,1,1,1,78,1,176,3
1266,1,32,1,1,1,76,1,177,1
1267,9,32,1,1,1,78,1,178,3
1268,42,32,1,1,1,102,1,179,11
1269,4,32,1,1,1,77,1,180,1
1270,59,32,1,1,1,114,1,181,15
1271,15,32,1,1,1,79,1,182,4
1272,26,32,1,1,1,90,1,183,7
1273,49,32,1,1,1,112,1,184,13
1274,22,32,1,1,1,89,1,185,6
1275,26,32,1,1,1,90,1,186,7
1276,8,32,1,1,1,78,1,187,2
1277,23,32,1,1,1,89,1,188,6
1278,42,32,1,1,1,102,1,189,11
1279,45,32,1,1,1,103,1,190,12
1280,5,32,1,1,1,77,1,191,2
1281,21,32,1,1,1,89,1,192,6
1282,51,32,1,1,1,112,1,193,13
1283,58,32,1,1,1,114,1,194,15
1284,55,32,1,1,1,113,1,195,14
1285,9,32,1,1,1,78,1,196,3
1286,35,32,1,1,1,100,1,197,9
1287,20,32,1,1,1,89,1,198,5
1288,5,32,1,1,1,77,1,199,2
1289,37,32,1,1,1,101,1,200,10
1290,60,32,1,1,1,115,1,201,15
1291,1,32,1,1,1,76,1,202,1
1292,45,32,1,1,1,103,1,203,12
1293,53,32,1,1,1,113,1,204,14
1294,27,32,1,1,1,90,1,205,7
1295,51,32,1,1,1,112,1,206,13
1296,50,32,1,1,1,112,1,207,13
1297,40,32,1,1,1,102,1,208,10
1298,25,32,1,1,1,90,1,209,7
1299,1,32,1,1,1,76,1,210,1
1300,47,32,1,1,1,103,1,211,12
1301,50,32,1,1,1,112,1,212,13
1302,40,32,1,1,1,102,1,213,10
1303,35,32,1,1,1,100,1,214,9
1304,50,32,1,1,1,112,1,215,13
1305,13,32,1,1,1,79,1,216,4
1306,26,32,1,1,1,90,1,217,7
1307,21,32,1,1,1,89,1,218,6
1308,24,32,1,1,1,90,1,219,6
1309,42,32,1,1,1,102,1,220,11
1310,46,32,1,1,1,103,1,221,12
1311,13,32,1,1,1,79,1,222,4
1312,21,32,1,1,1,89,1,223,6
1313,15,32,1,1,1,79,1,224,4
1314,47,32,1,1,1,103,1,225,12
1315,41,32,1,1,1,102,1,226,11
1316,11,32,1,1,1,78,1,227,3
1317,11,32,1,1,1,78,1,228,3
1318,55,32,1,1,1,113,1,229,14
1319,51,32,1,1,1,112,1,230,13
1320,34,32,1,1,1,100,1,231,9
1321,16,32,1,1,1,88,1,232,4
1322,63,32,1,1,1,115,1,233,16
1323,32,32,1,1,1,100,1,234,8
1324,36,32,1,1,1,101,1,235,9
1325,4,32,1,1,1,77,1,236,1
1326,32,32,1,1,1,100,1,237,8
1327,57,32,1,1,1,114,1,238,15
1328,14,32,1,1,1,79,1,239,4
1329,9,32,1,1,1,78,1,240,3
1330,9,32,1,1,1,78,1,241,3
1331,12,32,1,1,1,79,1,242,3
1332,36,32,1,1,1,101,1,243,9
1333,16,32,1,1,1,88,1,244,4
1334,13,32,1,1,1,79,1,245,4
1335,22,32,1,1,1,89,1,246,6
1336,17,32,1,1,1,88,1,247,5
1337,47,32,1,1,1,103,1,248,12
1338,3,32,1,1,1,76,1,249,1
1339,9,32,1,1,1,78,1,250,3
1340,36,32,1,1,1,101,1,251,9
1341,44,32,1,1,1,103,1,252,11
1342,39,32,1,1,1,101,1,253,10
1343,12,32,1,1,1,79,1,254,3
1344,44,32,1,1,1,103,1,255,11
1345,49,32,1,1,1,112,1,256,13
1346,64,32,1,0,0,124,0,0,16
1347,64,32,1,0,0,124,0,0,16
1348,64,32,1,0,0,124,0,0,16
1349,64,32,1,0,0,124,0,0,16
1350,64,32,1,0,0,124,0,0,16
1351,64,32,1,0,0,124,0,0,16
1352,64,32,1,0,0,124,0,0,16
1353,64,32,1,0,0,124,0,0,16
1354,64,32,1,0,0,124,0,0,16
1355,64,32,1,0,0,124,0,0,16
1356,64,32,1,0,0,124,0,0,16
1357,64,32,1,0,0,124,0,0,16
1358,64,32,1,0,0,124,0,0,16
1359,64,32,1,0,0,124,0,0,16
1360,64,32,1,0,0,124,0,0,16
1361,64,32,1,0,0,124,0,0,16
1362,64,32,1,0,0,124,0,0,16
1363,64,32,1,0,0,124,0,0,16
1364,64,32,1,0,0,124,0,0,16
1365,64,32,1,0,0,124,0,0,16
1366,64,32,1,0,0,124,0,0,16
1367,64,32,1,0,0,124,0,0,16
1368,64,32,1,0,0,124,0,0,16
1369,64,32,1,0,0,124,0,0,16
1370,64,32,1,0,0,124,0,0,16
1371,64,32,1,0,0,124,0,0,16
1372,64,32,1,0,0,124,0,0,16
1373,64,32,1,0,0,124,0,0,16
1374,64,32,1,0,0,124,0,0,16
1375,64,32,1,0,0,124,0,0,16
1376,64,32,1,0,0,124,0,0,16
1377,64,32,1,0,0,124,0,0,16
1378,64,32,1,0,0,124,0,0,16
1379,64,32,1,0,0,124,0,0,16
1380,64,32,1,0,0,124,0,0,16
1381,64,32,1,0,0,124,0,0,16
1382,64,32,1,0,0,124,0,0,16
1383,64,32,1,0,0,124,0,0,16
1384,64,32,1,0,0,124,0,0,16
1385,64,32,1,0,0,124,0,0,16
1386,64,32,1,0,0,124,0,0,16
1387,64,32,1,0,0,124,0,0,16
1388,64,32,1,0,0,124,0,0,16
1389,64,32,1,0,0,124,0,0,16
1390,64,32,1,0,0,124,0,0,16
1391,64,32,1,0,0,124,0,0,16
1392,64,32,1,0,0,124,0,0,16
1393,64,32,1,0,0,124,0,0,16
1394,64,32,1,0,0,124,0,0,16
1395,64,32,1,0,0,124,0,0,16
1396,64,32,1,0,0,124,0,0,16
1397,64,32,1,0,0,124,0,0,16
1398,64,32,1,0,0,124,0,0,16
1399,64,32,1,0,0,124,0,0,16
1400,64,32,1,0,0,124,0,0,16
1401,64,32,1,0,0,124,0,0,16
1402,64,32,1,0,0,124,0,0,16
1403,64,32,1,0,0,124,0,0,16
1404,64,32,1,0,0,124,0,0,16
1405,64,32,1,0,0,124,0,0,16
1406,64,32,1,0,0,124,0,0,16
1407,64,32,1,0,0,124,0,0,16
1408,64,32,1,0,0,124,0,0,16
1409,64,32,1,0,0,124,0,0,16
1410,64,32,1,0,0,124,0,0,16
1411,64,32,1,0,0,124,0,0,16
1412,64,32,1,0,0,124,0,0,16
1413,64,32,1,0,0,124,0,0,16
1414,64,32,1,0,0,124,0,0,16
1415,64,32,1,0,0,124,0,0,16
1416,64,32,1,0,0,124,0,0,16
1417,64,32,1,0,0,124,0,0,16
1418,64,32,1,0,0,124,0,0,16
1419,64,32,1,0,0,124,0,0,16
1420,64,32,1,0,0,124,0,0,16
1421,64,32,1,0,0,124,0,0,16
1422,64,32,1,0,0,124,0,0,16
1423,64,32,1,0,0,124,0,0,16
1424,64,32,1,0,0,124,0,0,16
1425,64,32,1,0,0,124,0,0,16
1426,64,32,1,0,0,124,0,0,16
1427,64,32,1,0,0,124,0,0,16
1428,64,32,1,0,0,124,0,0,16
1429,64,32,1,0,0,124,0,0,16
1430,64,32,1,0,0,124,0,0,16
1431,64,32,1,0,0,124,0,0,16
1432,64,32,1,0,0,124,0,0,16
1433,64,32,1,0,0,124,0,0,16
1434,64,32,1,0,0,124,0,0,16
1435,64,32,1,0,0,124,0,0,16
1436,64,32,1,0,0,124,0,0,16
1437,64,32,1,0,0,124,0,0,16
1438,64,32,1,0,0,124,0,0,16
1439,64,32,1,0,0,124,0,0,16
1440,64,32,1,0,0,124,0,0,16
1441,64,32,1,0,0,124,0,0,16
1442,64,32,1,0,0,124,0,0,16
1443,64,32,1,0,0,124,0,0,16
1444,64,32,1,0,0,124,0,0,16
1445,64,32,1,0,0,124,0,0,16
1446,64,32,1,0,0,124,0,0,16
1447,64,32,1,0,0,124,0,0,16
1448,64,32,1,0,0,124,0,0,16
1449,64,32,1,0,0,124,0,0,16
1450,64,32,1,0,0,124,0,0,16
1451,64,32,1,0,0,124,0,0,16
1452,64,32,1,0,0,124,0,0,16
1453,64,32,1,0,0,124,0,0,16
1454,64,32,1,0,0,124,0,0,16
1455,64,32,1,0,0,124,0,0,16
1456,64,32,1,0,0,124,0,0,16
1457,64,32,1,0,0,124,0,0,16
1458,64,32,1,0,0,124,0,0,16
1459,64,32,1,0,0,124,0,0,16
1460,64,32,1,0,0,124,0,0,16
1461,64,32,1,0,0,124,0,0,16
1462,64,32,1,0,0,124,0,0,16
1463,64,32,1,0,0,124,0,0,16
1464,64,32,1,0,0,124,0,0,16
1465,64,32,1,0,0,124,0,0,16
1466,64,32,1,0,0,124,0,0,16
1467,64,32,1,0,0,124,0,0,16
1468,64,32,1,0,0,124,0,0,16
1469,64,32,1,0,0,124,0,0,16
1470,64,32,1,0,0,124,0,0,16
1471,64,32,1,0,0,124,0,0,16
1472,64,32,1,0,0,124,0,0,16
1473,64,32,1,0,0,124,0,0,16
1474,64,32,1,0,0,124,0,0,16
1475,64,32,1,0,0,124,0,0,16
1476,64,32,1,0,0,124,0,0,16
1477,64,32,1,0,0,124,0,0,16
1478,64,32,1,0,0,124,0,0,16
1479,64,32,1,0,0,124,0,0,16
1480,64,32,1,0,0,124,0,0,16
1481,64,32,1,0,0,124,0,0,16
1482,64,32,1,0,0,124,0,0,16
1483,64,32,1,0,0,124,0,0,16
1484,64,32,1,0,0,124,0,0,16
1485,64,32,1,0,0,124,0,0,16
1486,64,32,1,0,0,124,0,0,16
1487,64,32,1,0,0,124,0,0,16
1488,64,32,1,0,0,124,0,0,16
1489,64,32,1,0,0,124,0,0,16
1490,64,32,1,0,0,124,0,0,16
1491,64,32,1,0,0,124,0,0,16
1492,64,32,1,0,0,124,0,0,16
1493,64,32,1,0,0,124,0,0,16
1494,64,32,1,0,0,124,0,0,16
1495,64,32,1,0,0,124,0,0,16
1496,64,32,1,0,0,124,0,0,16
1497,64,32,1,0,0,124,0,0,16
1498,64,32,1,0,0,124,0,0,16
1499,64,32,1,0,0,124,0,0,16
1500,64,32,1,0,0,124,0,0,16
1501,64,32,1,0,0,124,0,0,16
1502,64,32,1,0,0,124,0,0,16
1503,64,32,1,0,0,124,0,0,16
1504,64,32,1,0,0,124,0,0,16
1505,64,32,1,0,0,124,0,0,16
1506,64,32,1,0,0,124,0,0,16
1507,64,32,1,0,0,124,0,0,16
1508,64,32,1,0,0,124,0,0,16
1509,64,32,1,0,0,124,0,0,16
1510,64,32,1,0,0,124,0,0,16
1511,64,32,1,0,0,124,0,0,16
1512,64,32,1,0,0,124,0,0,16
1513,64,32,1,0,0,124,0,0,16
1514,64,32,1,0,0,124,0,0,16
1515,64,32,1,0,0,124,0,0,16
1516,64,32,1,0,0,124,0,0,16
1517,64,32,1,0,0,124,0,0,16
1518,64,32,1,0,0,124,0,0,16
1519,64,32,1,0,0,124,0,0,16
1520,64,32,1,0,0,124,0,0,16
1521,64,32,1,0,0,124,0,0,16
1522,64,32,1,0,0,124,0,0,16
1523,64,32,1,0,0,124,0,0,16
1524,64,32,1,0,0,124,0,0,16
1525,64,32,1,0,0,124,0,0,16
1526,64,32,1,0,0,124,0,0,16
1527,64,32,1,0,0,124,0,0,16
1528,64,32,1,0,0,124,0,0,16
1529,64,32,1,0,0,124,0,0,16
1530,64,32,1,0,0,124,0,0,16
1531,64,32,1,0,0,124,0,0,16
1532,64,32,1,0,0,124,0,0,16
1533,64,32,1,0,0,124,0,0,16
1534,64,32,1,0,0,124,0,0,16
1535,64,32,1,0,0,124,0,0,16
1536,64,32,1,0,0,124,0,0,16
1537,64,32,1,0,0,124,0,0,16
1538,64,32,1,0,0,124,0,0,16
1539,64,32,1,0,0,124,0,0,16
1540,64,32,1,0,0,124,0,0,16
1541,64,32,1,0,0,124,0,0,16
1542,64,32,1,0,0,124,0,0,16
1543,64,32,1,0,0,124,0,0,16
1544,64,32,1,0,0,124,0,0,16
1545,64,32,1,0,0,124,0,0,16
1546,64,32,1,0,0,124,0,0,16
1547,64,32,1,0,0,124,0,0,16
1548,64,32,1,0,0,124,0,0,16
1549,64,32,1,0,0,124,0,0,16
1550,64,32,1,0,0,124,0,0,16
1551,64,32,1,0,0,124,0,0,16
1552,64,32,1,0,0,124,0,0,16
1553,64,32,1,0,0,124,0,0,16
1554,64,32,1,0,0,124,0,0,16
1555,64,32,1,0,0,124,0,0,16
1556,64,32,1,0,0,124,0,0,16
1557,64,32,1,0,0,124,0,0,16
1558,64,32,1,0,0,124,0,0,16
1559,64,32,1,0,0,124,0,0,16
1560,64,32,1,0,0,124,0,0,16
1561,64,32,1,0,0,124,0,0,16
1562,64,32,1,0,0,124,0,0,16
1563,64,32,1,0,0,124,0,0,16
1564,64,32,1,0,0,124,0,0,16
1565,64,32,1,0,0,124,0,0,16
1566,64,32,1,0,0,124,0,0,16
1567,64,32,1,0,0,124,0,0,16
1568,64,32,1,0,0,124,0,0,16
1569,64,32,1,0,0,124,0,0,16
1570,64,32,1,0,0,124,0,0,16
1571,64,32,1,0,0,124,0,0,16
1572,64,32,1,0,0,124,0,0,16
1573,64,32,1,0,0,124,0,0,16
1574,64,32,1,0,0,124,0,0,16
1575,64,32,1,0,0,124,0,0,16
1576,64,32,1,0,0,124,0,0,16
1577,64,32,1,0,0,124,0,0,16
1578,64,32,1,0,0,124,0,0,16
1579,64,32,1,0,0,124,0,0,16
1580,64,32,1,0,0,124,0,0,16
1581,64,32,1,0,0,124,0,0,16
1582,64,32,1,0,0,124,0,0,16
1583,64,32,1,0,0,124,0,0,16
1584,64,32,1,0,0,124,0,0,16
1585,64,32,1,0,0,124,0,0,16
1586,64,32,1,0,0,124,0,0,16
1587,64,32,1,0,0,124,0,0,16
1588,64,32,1,0,0,124,0,0,16
1589,64,32,1,0,0,124,0,0,16
1590,64,32,1,0,0,124,0,0,16
1591,64,32,1,0,0,124,0,0,16
1592,64,32,1,0,0,124,0,0,16
1593,64,32,1,0,0,124,0,0,16
1594,64,32,1,0,0,124,0,0,16
1595,64,32,1,0,0,124,0,0,16
1596,64,32,1,0,0,124,0,0,16
1597,64,32,1,0,0,124,0,0,16
1598,64,32,1,0,0,124,0,0,16
1599,64,32,1,0,0,124,0,0,16
1600,64,32,1,0,0,124,0,0,16
1601,64,32,1,0,0,124,0,0,16
1602,64,32,1,0,0,124,0,0,16
1603,64,32,1,0,0,124,0,0,16
1604,64,32,1,0,0,124,0,0,16
1605,64,32,1,0,0,124,0,0,16
1606,64,32,1,0,0,124,0,0,16
1607,64,32,1,0,0,124,0,0,16
1608,64,32,1,0,0,124,0,0,16
1609,64,32,1,0,0,124,0,0,16
1610,64,32,1,0,0,124,0,0,16
1611,64,32,1,0,0,124,0,0,16
1612,64,32,1,0,0,124,0,0,16
1613,64,32,1,0,0,124,0,0,16
1614,64,32,1,0,0,124,0,0,16
1615,64,32,1,0,0,124,0,0,16
1616,64,32,1,0,0,124,0,0,16
1617,64,32,1,0,0,124,0,0,16
1618,64,32,1,0,0,124,0,0,16
1619,64,32,1,0,0,124,0,0,16
1620,64,32,1,0,0,124,0,0,16
1621,64,32,1,0,0,124,0,0,16
1622,64,32,1,0,0,124,0,0,16
1623,64,32,1,0,0,124,0,0,16
1624,64,32,1,0,0,124,0,0,16
1625,64,32,1,0,0,124,0,0,16
1626,64,32,1,0,0,124,0,0,16
1627,64,32,1,0,0,124,0,0,16
1628,64,32,1,0,0,124,0,0,16
1629,64,32,1,0,0,124,0,0,16
1630,64,32,1,0,0,124,0,0,16
1631,64,32,1,0,0,124,0,0,16
1632,64,32,1,0,0,124,0,0,16
1633,64,32,1,0,0,124,0,0,16
1634,64,32,1,0,0,124,0,0,16
1635,64,32,1,0,0,124,0,0,16
1636,64,32,1,0,0,124,0,0,16
1637,64,32,1,0,0,124,0,0,16
1638,64,32,1,0,0,124,0,0,16
1639,64,32,1,0,0,124,0,0,16
1640,64,32,1,0,0,124,0,0,16
1641,64,32,1,0,0,124,0,0,16
1642,64,32,1,0,0,124,0,0,16
1643,64,32,1,0,0,124,0,0,16
1644,64,32,1,0,0,124,0,0,16
1645,64,32,1,0,0,124,0,0,16
1646,64,32,1,0,0,124,0,0,16
1647,64,32,1,0,0,124,0,0,16
1648,64,32,1,0,0,124,0,0,16
1649,64,32,1,0,0,124,0,0,16
1650,64,32,1,0,0,124,0,0,16
1651,64,32,1,0,0,124,0,0,16
1652,64,32,1,0,0,124,0,0,16
1653,64,32,1,0,0,124,0,0,16
1654,64,32,1,0,0,124,0,0,16
1655,64,32,1,0,0,124,0,0,16
1656,64,32,1,0,0,124,0,0,16
1657,64,32,1,0,0,124,0,0,16
1658,64,32,1,0,0,124,0,0,16
1659,64,32,1,0,0,124,0,0,16
1660,64,32,1,0,0,124,0,0,16
1661,64,32,1,0,0,124,0,0,16
1662,64,32,1,0,0,124,0,0,16
1663,64,32,1,0,0,124,0,0,16
1664,64,32,1,0,0,124,0,0,16
1665,64,32,1,0,0,124,0,0,16
1666,64,32,1,0,0,124,0,0,16
1667,64,32,1,0,0,124,0,0,16
1668,64,32,1,0,0,124,0,0,16
1669,64,32,1,0,0,124,0,0,16
1670,64,32,1,0,0,124,0,0,16
1671,64,32,1,0,0,124,0,0,16
1672,64,32,1,0,0,124,0,0,16
1673,64,32,1,0,0,124,0,0,16
1674,64,32,1,0,0,124,0,0,16
1675,64,32,1,0,0,124,0,0,16
1676,64,32,1,0,0,124,0,0,16
1677,64,32,1,0,0,124,0,0,16
1678,64,32,1,0,0,124,0,0,16
1679,64,32,1,0,0,124,0,0,16
1680,64,32,1,0,0,124,0,0,16
1681,64,32,1,0,0,124,0,0,16
1682,64,32,1,0,0,124,0,0,16
1683,64,32,1,0,0,124,0,0,16
1684,64,32,1,0,0,124,0,0,16
1685,64,32,1,0,0,124,0,0,16
1686,64,32,1,0,0,124,0,0,16
1687,64,32,1,0,0,124,0,0,16
1688,64,32,1,0,0,124,0,0,16
1689,64,32,1,0,0,124,0,0,16
1690,64,32,1,0,0,124,0,0,16
1691,64,32,1,0,0,124,0,0,16
1692,64,32,1,0,0,124,0,0,16
1693,64,32,1,0,0,124,0,0,16
1694,64,32,1,0,0,124,0,0,16
1695,64,32,1,0,0,124,0,0,16
1696,64,32,1,0,0,124,0,0,16
1697,64,32,1,0,0,124,0,0,16
1698,64,32,1,0,0,124,0,0,16
1699,64,32,1,0,0,124,0,0,16
1700,64,32,1,0,0,124,0,0,16
1701,64,32,1,0,0,124,0,0,16
1702,64,32,1,0,0,124,0,0,16
1703,64,32,1,0,0,124,0,0,16
1704,64,32,1,0,0,124,0,0,16
1705,64,32,1,0,0,124,0,0,16
1706,64,32,1,0,0,124,0,0,16
1707,64,32,1,0,0,124,0,0,16
1708,64,32,1,0,0,124,0,0,16
1709,64,32,1,0,0,124,0,0,16
1710,64,32,1,0,0,124,0,0,16
1711,64,32,1,0,0,124,0,0,16
1712,64,32,1,0,0,124,0,0,16
1713,64,32,1,0,0,124,0,0,16
1714,64,32,1,0,0,124,0,0,16
1715,64,32,1,0,0,124,0,0,16
1716,64,32,1,0,0,124,0,0,16
1717,64,32,1,0,0,124,0,0,16
1718,64,32,1,0,0,124,0,0,16
1719,64,32,1,0,0,124,0,0,16
1720,64,32,1,0,0,124,0,0,16
1721,64,32,1,0,0,124,0,0,16
1722,64,32,1,0,0,124,0,0,16
1723,64,32,1,0,0,124,0,0,16
1724,64,32,1,0,0,124,0,0,16
1725,64,32,1,0,0,124,0,0,16
1726,64,32,1,0,0,124,0,0,16
1727,64,32,1,0,0,124,0,0,16
1728,64,32,1,0,0,124,0,0,16
1729,64,32,1,0,0,124,0,0,16
1730,64,32,1,0,0,124,0,0,16
1731,64,32,1,0,0,124,0,0,16
1732,64,32,1,0,0,124,0,0,16
1733,64,32,1,0,0,124,0,0,16
1734,64,32,1,0,0,124,0,0,16
1735,64,32,1,0,0,124,0,0,16
1736,64,32,1,0,0,124,0,0,16
1737,64,32,1,0,0,124,0,0,16
1738,64,32,1,0,0,124,0,0,16
1739,64,32,1,0,0,124,0,0,16
1740,64,32,1,0,0,124,0,0,16
1741,64,32,1,0,0,124,0,0,16
1742,64,32,1,0,0,124,0,0,16
1743,64,32,1,0,0,124,0,0,16
1744,64,32,1,0,0,124,0,0,16
1745,64,32,1,0,0,124,0,0,16
1746,64,32,1,0,0,124,0,0,16
1747,64,32,1,0,0,124,0,0,16
1748,64,32,1,0,0,124,0,0,16
1749,64,32,1,0,0,124,0,0,16
1750,64,32,1,0,0,124,0,0,16
1751,64,32,1,0,0,124,0,0,16
1752,64,32,1,0,0,124,0,0,16
1753,64,32,1,0,0,124,0,0,16
1754,64,32,1,0,0,124,0,0,16
1755,64,32,1,0,0,124,0,0,16
1756,64,32,1,0,0,124,0,0,16
1757,64,32,1,0,0,124,0,0,16
1758,64,32,1,0,0,124,0,0,16
1759,64,32,1,0,0,124,0,0,16
1760,64,32,1,0,0,124,0,0,16
1761,64,32,1,0,0,124,0,0,16
1762,64,32,1,0,0,124,0,0,16
1763,64,32,1,0,0,124,0,0,16
1764,64,32,1,0,0,124,0,0,16
1765,64,32,1,0,0,124,0,0,16
1766,64,32,1,0,0,124,0,0,16
1767,64,32,1,0,0,124,0,0,16
1768,64,32,1,0,0,124,0,0,16
1769,64,32,1,0,0,124,0,0,16
1770,64,32,1,0,0,124,0,0,16
1771,64,32,1,0,0,124,0,0,16
1772,64,32,1,0,0,124,0,0,16
1773,64,32,1,0,0,124,0,0,16
1774,64,32,1,0,0,124,0,0,16
1775,64,32,1,0,0,124,0,0,16
1776,64,32,1,0,0,124,0,0,16
1777,64,32,1,0,0,124,0,0,16
1778,64,32,1,0,0,124,0,0,16
1779,64,32,1,0,0,124,0,0,16
1780,64,32,1,0,0,124,0,0,16
1781,64,32,1,0,0,124,0,0,16
1782,64,32,1,0,0,124,0,0,16
1783,64,32,1,0,0,124,0,0,16
1784,64,32,1,0,0,124,0,0,16
1785,64,32,1,0,0,124,0,0,16
1786,64,32,1,0,0,124,0,0,16
1787,64,32,1,0,0,124,0,0,16
1788,64,32,1,0,0,124,0,0,16
1789,64,32,1,0,0,124,0,0,16
1790,64,32,1,0,0,124,0,0,16
1791,64,32,1,0,0,124,0,0,16
1792,64,32,1,0,0,124,0,0,16
1793,64,32,1,0,0,124,0,0,16
1794,64,32,1,0,0,124,0,0,16
1795,64,32,1,0,0,124,0,0,16
1796,64,32,1,0,0,124,0,0,16
1797,64,32,1,0,0,124,0,0,16
1798,64,32,1,0,0,124,0,0,16
1799,64,32,1,0,0,124,0,0,16
1800,64,32,1,0,0,124,0,0,16
1801,64,32,1,0,0,124,0,0,16
1802,64,32,1,0,0,124,0,0,16
1803,64,32,1,0,0,124,0,0,16
1804,64,32,1,0,0,124,0,0,16
1805,64,32,1,0,0,124,0,0,16
1806,64,32,1,0,0,124,0,0,16
1807,64,32,1,0,0,124,0,0,16
1808,64,32,1,0,0,124,0,0,16
1809,64,32,1,0,0,124,0,0,16
1810,64,32,1,0,0,124,0,0,16
1811,64,32,1,0,0,124,0,0,16
1812,64,32,1,0,0,124,0,0,16
1813,64,32,1,0,0,124,0,0,16
1814,64,32,1,0,0,124,0,0,16
1815,64,32,1,0,0,124,0,0,16
1816,64,32,1,0,0,124,0,0,16
1817,64,32,1,0,0,124,0,0,16
1818,64,32,1,0,0,124,0,0,16
1819,64,32,1,0,0,124,0,0,16
1820,64,32,1,0,0,124,0,0,16
1821,64,32,1,0,0,124,0,0,16
1822,64,32,1,0,0,124,0,0,16
1823,64,32,1,0,0,124,0,0,16
1824,64,32,1,0,0,124,0,0,16
1825,64,32,1,0,0,124,0,0,16
1826,64,32,1,0,0,124,0,0,16
1827,64,32,1,0,0,124,0,0,16
1828,64,32,1,0,0,124,0,0,16
1829,64,32,1,0,0,124,0,0,16
1830,64,32,1,0,0,124,0,0,16
1831,64,32,1,0,0,124,0,0,16
1832,64,32,1,0,0,124,0,0,16
1833,64,32,1,0,0,124,0,0,16
1834,64,32,1,0,0,124,0,0,16
1835,64,32,1,0,0,124,0,0,16
1836,64,32,1,0,0,124,0,0,16
1837,64,32,1,0,0,124,0,0,16
1838,64,32,1,0,0,124,0,0,16
1839,64,32,1,0,0,124,0,0,16
1840,64,32,1,0,0,124,0,0,16
1841,64,32,1,0,0,124,0,0,16
1842,64,32,1,0,0,124,0,0,16
1843,64,32,1,0,0,124,0,0,16
1844,64,32,1,0,0,124,0,0,16
1845,64,32,1,0,0,124,0,0,16
1846,64,32,1,0,0,124,0,0,16
1847,64,32,1,0,0,124,0,0,16
1848,64,32,1,0,0,124,0,0,16
1849,64,32,1,0,0,124,0,0,16
1850,64,32,1,0,0,124,0,0,16
1851,64,32,1,0,0,124,0,0,16
1852,64,32,1,0,0,124,0,0,16
1853,64,32,1,0,0,124,0,0,16
1854,64,32,1,0,0,124,0,0,16
1855,64,32,1,0,0,124,0,0,16
1856,64,32,1,0,0,124,0,0,16
1857,64,32,1,0,0,124,0,0,16
1858,64,32,1,0,0,124,0,0,16
1859,64,32,1,0,0,124,0,0,16
1860,64,32,1,0,0,124,0,0,16
1861,64,32,1,0,0,124,0,0,16
1862,64,32,1,0,0,124,0,0,16
1863,64,32,1,0,0,124,0,0,16
1864,64,32,1,0,0,124,0,0,16
1865,64,32,1,0,0,124,0,0,16
1866,64,32,1,0,0,124,0,0,16
1867,64,32,1,0,0,124,0,0,16
1868,64,32,1,0,0,124,0,0,16
1869,64,32,1,0,0,124,0,0,16
1870,64,32,1,0,0,124,0,0,16
1871,64,32,1,0,0,124,0,0,16
1872,64,32,1,0,0,124,0,0,16
1873,64,32,1,0,0,124,0,0,16
1874,64,32,1,0,0,124,0,0,16
1875,64,32,1,0,0,124,0,0,16
1876,64,32,1,0,0,124,0,0,16
1877,64,32,1,0,0,124,0,0,16
1878,64,32,1,0,0,124,0,0,16
1879,64,32,1,0,0,124,0,0,16
1880,64,32,1,0,0,124,0,0,16
1881,64,32,1,0,0,124,0,0,16
1882,64,32,1,0,0,124,0,0,16
1883,64,32,1,0,0,124,0,0,16
1884,64,32,1,0,0,124,0,0,16
1885,64,32,1,0,0,124,0,0,16
1886,64,32,1,0,0,124,0,0,16
1887,64,32,1,0,0,124,0,0,16
1888,64,32,1,0,0,124,0,0,16
1889,64,32,1,0,0,124,0,0,16
1890,64,32,1,0,0,124,0,0,16
1891,64,32,1,0,0,124,0,0,16
1892,64,32,1,0,0,124,0,0,16
1893,64,32,1,0,0,124,0,0,16
1894,64,32,1,0,0,124,0,0,16
1895,64,32,1,0,0,124,0,0,16
1896,64,32,1,0,0,124,0,0,16
1897,64,32,1,0,0,124,0,0,16
1898,64,32,1,0,0,124,0,0,16
1899,64,32,1,0,0,124,0,0,16
1900,64,32,1,0,0,124,0,0,16
1901,64,32,1,0,0,124,0,0,16
1902,64,32,1,0,0,124,0,0,16
1903,64,32,1,0,0,124,0,0,16
1904,64,32,1,0,0,124,0,0,16
1905,64,32,1,0,0,124,0,0,16
1906,64,32,1,0,0,124,0,0,16
1907,64,32,1,0,0,124,0,0,16
1908,64,32,1,0,0,124,0,0,16
1909,64,32,1,0,0,124,0,0,16
1910,64,32,1,0,0,124,0,0,16
1911,64,32,1,0,0,124,0,0,16
1912,64,32,1,0,0,124,0,0,16
1913,64,32,1,0,0,124,0,0,16
1914,64,32,1,0,0,124,0,0,16
1915,64,32,1,0,0,124,0,0,16
1916,64,32,1,0,0,124,0,0,16
1917,64,32,1,0,0,124,0,0,16
1918,64,32,1,0,0,124,0,0,16
1919,64,32,1,0,0,124,0,0,16
1920,64,32,1,0,0,124,0,0,16
1921,64,32,1,0,0,124,0,0,16
1922,64,32,1,0,0,124,0,0,16
1923,64,32,1,0,0,124,0,0,16
1924,64,32,1,0,0,124,0,0,16
1925,64,32,1,0,0,124,0,0,16
1926,64,32,1,0,0,124,0,0,16
1927,64,32,1,0,0,124,0,0,16
1928,64,32,1,0,0,124,0,0,16
1929,64,32,1,0,0,124,0,0,16
1930,64,32,1,0,0,124,0,0,16
1931,64,32,1,0,0,124,0,0,16
1932,64,32,1,0,0,124,0,0,16
1933,64,32,1,0,0,124,0,0,16
1934,64,32,1,0,0,124,0,0,16
1935,64,32,1,0,0,124,0,0,16
1936,64,32,1,0,0,124,0,0,16
1937,64,32,1,0,0,124,0,0,16
1938,64,32,1,0,0,124,0,0,16
1939,64,32,1,0,0,124,0,0,16
1940,64,32,1,0,0,124,0,0,16
1941,64,32,1,0,0,124,0,0,16
1942,64,32,1,0,0,124,0,0,16
1943,64,32,1,0,0,124,0,0,16
1944,64,32,1,0,0,124,0,0,16
1945,64,32,1,0,0,124,0,0,16
1946,64,32,1,0,0,124,0,0,16
1947,64,32,1,0,0,124,0,0,16
1948,64,32,1,0,0,124,0,0,16
1949,64,32,1,0,0,124,0,0,16
1950,64,32,1,0,0,124,0,0,16
1951,64,32,1,0,0,124,0,0,16
1952,64,32,1,0,0,124,0,0,16
1953,64,32,1,0,0,124,0,0,16
1954,64,32,1,0,0,124,0,0,16
1955,64,32,1,0,0,124,0,0,16
1956,64,32,1,0,0,124,0,0,16
1957,64,32,1,0,0,124,0,0,16
1958,64,32,1,0,0,124,0,0,16
1959,64,32,1,0,0,124,0,0,16
1960,64,32,1,0,0,124,0,0,16
1961,64,32,1,0,0,124,0,0,16
1962,64,32,1,0,0,124,0,0,16
1963,64,32,1,0,0,124,0,0,16
1964,64,32,1,0,0,124,0,0,16
1965,64,32,1,0,0,124,0,0,16
1966,64,32,1,0,0,124,0,0,16
1967,64,32,1,0,0,124,0,0,16
1968,64,32,1,0,0,124,0,0,16
1969,64,32,1,0,0,124,0,0,16
1970,64,32,1,0,0,124,0,0,16
1971,64,32,1,0,0,124,0,0,16
1972,64,32,1,0,0,124,0,0,16
1973,64,32,1,0,0,124,0,0,16
1974,64,32,1,0,0,124,0,0,16
1975,64,32,1,0,0,124,0,0,16
1976,64,32,1,0,0,124,0,0,16
1977,64,32,1,0,0,124,0,0,16
1978,64,32,1,0,0,124,0,0,16
1979,64,32,1,0,0,124,0,0,16
1980,64,32,1,0,0,124,0,0,16
1981,64,32,1,0,0,124,0,0,16
1982,64,32,1,0,0,124,0,0,16
1983,64,32,1,0,0,124,0,0,16
1984,64,32,1,0,0,124,0,0,16
1985,64,32,1,0,0,124,0,0,16
1986,64,32,1,0,0,124,0,0,16
1987,64,32,1,0,0,124,0,0,16
1988,64,32,1,0,0,124,0,0,16
1989,64,32,1,0,0,124,0,0,16
1990,64,32,1,0,0,124,0,0,16
1991,64,32,1,0,0,124,0,0,16
1992,64,32,1,0,0,124,0,0,16
1993,64,32,1,0,0,124,0,0,16
1994,64,32,1,0,0,124,0,0,16
1995,64,32,1,0,0,124,0,0,16
1996,64,32,1,0,0,124,0,0,16
1997,64,32,1,0,0,124,0,0,16
1998,64,32,1,0,0,124,0,0,16
1999,64,32,1,0,0,124,0,0,16
2000,64,32,1,0,0,124,0,0,16
2001,64,32,1,0,0,124,0,0,16
2002,64,32,1,0,0,124,0,0,16
2003,64,32,1,0,0,124,0,0,16
2004,64,32,1,0,0,124,0,0,16
2005,64,32,1,0,0,124,0,0,16
2006,64,32,1,0,0,124,0,0,16
2007,64,32,1,0,0,124,0,0,16
2008,64,32,1,0,0,124,0,0,16
2009,64,32,1,0,0,124,0,0,16
2010,64,32,1,0,0,124,0,0,16
2011,64,32,1,0,0,124,0,0,16
2012,64,32,1,0,0,124,0,0,16
2013,64,32,1,0,0,124,0,0,16
2014,64,32,1,0,0,124,0,0,16
2015,64,32,1,0,0,124,0,0,16
2016,64,32,1,0,0,124,0,0,16
2017,64,32,1,0,0,124,0,0,16
2018,64,32,1,0,0,124,0,0,16
2019,64,32,1,0,0,124,0,0,16
2020,64,32,1,0,0,124,0,0,16
2021,64,32,1,0,0,124,0,0,16
2022,64,32,1,0,0,124,0,0,16
2023,64,32,1,0,0,124,0,0,16
2024,64,32,1,0,0,124,0,0,16
2025,64,32,1,0,0,124,0,0,16
2026,64,32,1,0,0,124,0,0,16
2027,64,32,1,0,0,124,0,0,16
2028,64,32,1,0,0,124,0,0,16
2029,64,32,1,0,0,124,0,0,16
2030,64,32,1,0,0,124,0,0,16
2031,64,32,1,0,0,124,0,0,16
2032,64,32,1,0,0,124,0,0,16
2033,64,32,1,0,0,124,0,0,16
2034,64,32,1,0,0,124,0,0,16
2035,64,32,1,0,0,124,0,0,16
2036,64,32,1,0,0,124,0,0,16
2037,64,32,1,0,0,124,0,0,16
2038,64,32,1,0,0,124,0,0,16
2039,64,32,1,0,0,124,0,0,16
2040,64,32,1,0,0,124,0,0,16
2041,64,32,1,0,0,124,0,0,16
2042,64,32,1,0,0,124,0,0,16
2043,64,32,1,0,0,124,0,0,16
2044,64,32,1,0,0,124,0,0,16
2045,64,32,1,0,0,124,0,0,16
2046,64,32,1,0,0,124,0,0,16
2047,64,32,1,0,0,124,0,0,16
2048,64,32,1,0,0,124,0,0,16
2049,64,32,1,0,0,124,0,0,16
2050,64,32,1,0,0,124,0,0,16
2051,64,32,1,0,0,124,0,0,16
2052,64,32,1,0,0,124,0,0,16
2053,64,32,1,0,0,124,0,0,16
2054,64,32,1,0,0,124,0,0,16
2055,64,32,1,0,0,124,0,0,16
2056,64,32,1,0,0,124,0,0,16
2057,64,32,1,0,0,124,0,0,16
2058,64,32,1,0,0,124,0,0,16
2059,64,32,1,0,0,124,0,0,16
2060,64,32,1,0,0,124,0,0,16
2061,64,32,1,0,0,124,0,0,16
2062,64,32,1,0,0,124,0,0,16
2063,64,32,1,0,0,124,0,0,16
2064,64,32,1,0,0,124,0,0,16
2065,64,32,1,0,0,124,0,0,16
2066,64,32,1,0,0,124,0,0,16
2067,64,32,1,0,0,124,0,0,16
2068,64,32,1,0,0,124,0,0,16
2069,64,32,1,0,0,124,0,0,16
2070,64,32,1,0,0,124,0,0,16
2071,64,32,1,0,0,124,0,0,16
2072,64,32,1,0,0,124,0,0,16
2073,64,32,1,0,0,124,0,0,16
2074,64,32,1,0,0,124,0,0,16
2075,64,32,1,0,0,124,0,0,16
2076,64,32,1,0,0,124,0,0,16
2077,64,32,1,0,0,124,0,0,16
2078,64,32,1,0,0,124,0,0,16
2079,64,32,1,0,0,124,0,0,16
2080,64,32,1,0,0,124,0,0,16
2081,64,32,1,0,0,124,0,0,16
2082,64,32,1,0,0,124,0,0,16
2083,64,32,1,0,0,124,0,0,16
2084,64,32,1,0,0,124,0,0,16
2085,64,32,1,0,0,124,0,0,16
2086,64,32,1,0,0,124,0,0,16
2087,64,32,1,0,0,124,0,0,16
2088,64,32,1,0,0,124,0,0,16
2089,64,32,1,0,0,124,0,0,16
2090,64,32,1,0,0,124,0,0,16
2091,64,32,1,0,0,124,0,0,16
2092,64,32,1,0,0,124,0,0,16
2093,64,32,1,0,0,124,0,0,16
2094,64,32,1,0,0,124,0,0,16
2095,64,32,1,0,0,124,0,0,16
2096,64,32,1,0,0,124,0,0,16
2097,64,32,1,0,0,124,0,0,16
2098,64,32,1,0,0,124,0,0,16
2099,64,32,1,0,0,124,0,0,16
2100,64,32,1,0,0,124,0,0,16
2101,64,32,1,0,0,124,0,0,16
2102,64,32,1,0,0,124,0,0,16
2103,64,32,1,0,0,124,0,0,16
2104,64,32,1,0,0,124,0,0,16
2105,64,32,1,0,0,124,0,0,16
2106,64,32,1,0,0,124,0,0,16
2107,64,32,1,0,0,124,0,0,16
2108,64,32,1,0,0,124,0,0,16
2109,64,32,1,0,0,124,0,0,16
2110,64,32,1,0,0,124,0,0,16
2111,64,32,1,0,0,124,0,0,16
2112,64,32,1,0,0,124,0,0,16
2113,64,32,1,0,0,124,0,0,16
2114,64,32,1,0,0,124,0,0,16
2115,64,32,1,0,0,124,0,0,16
2116,64,32,1,0,0,124,0,0,16
2117,64,32,1,0,0,124,0,0,16
2118,64,32,1,0,0,124,0,0,16
2119,64,32,1,0,0,124,0,0,16
2120,64,32,1,0,0,124,0,0,16
2121,64,32,1,0,0,124,0,0,16
2122,64,32,1,0,0,124,0,0,16
2123,64,32,1,0,0,124,0,0,16
2124,64,32,1,0,0,124,0,0,16
2125,64,32,1,0,0,124,0,0,16
2126,64,32,1,0,0,124,0,0,16
2127,64,32,1,0,0,124,0,0,16
2128,64,32,1,0,0,124,0,0,16
2129,64,32,1,0,0,124,0,0,16
2130,64,32,1,0,0,124,0,0,16
2131,64,32,1,0,0,124,0,0,16
2132,64,32,1,0,0,124,0,0,16
2133,64,32,1,0,0,124,0,0,16
2134,64,32,1,0,0,124,0,0,16
2135,64,32,1,0,0,124,0,0,16
2136,64,32,1,0,0,124,0,0,16
2137,64,32,1,0,0,124,0,0,16
2138,64,32,1,0,0,124,0,0,16
2139,64,32,1,0,0,124,0,0,16
2140,64,32,1,0,0,124,0,0,16
2141,64,32,1,0,0,124,0,0,16
2142,64,32,1,0,0,124,0,0,16
2143,64,32,1,0,0,124,0,0,16
2144,64,32,1,0,0,124,0,0,16
2145,64,32,1,0,0,124,0,0,16
2146,64,32,1,0,0,124,0,0,16
2147,64,32,1,0,0,124,0,0,16
2148,64,32,1,0,0,124,0,0,16
2149,64,32,1,0,0,124,0,0,16
2150,64,32,1,0,0,124,0,0,16
2151,64,32,1,0,0,124,0,0,16
2152,64,32,1,0,0,124,0,0,16
2153,64,32,1,0,0,124,0,0,16
2154,64,32,1,0,0,124,0,0,16
2155,64,32,1,0,0,124,0,0,16
2156,64,32,1,0,0,124,0,0,16
2157,64,32,1,0,0,124,0,0,16
2158,64,32,1,0,0,124,0,0,16
2159,64,32,1,0,0,124,0,0,16
2160,64,32,1,0,0,124,0,0,16
2161,64,32,1,0,0,124,0,0,16
2162,64,32,1,0,0,124,0,0,16
2163,64,32,1,0,0,124,0,0,16
2164,64,32,1,0,0,124,0,0,16
2165,64,32,1,0,0,124,0,0,16
2166,64,32,1,0,0,124,0,0,16
2167,64,32,1,0,0,124,0,0,16
2168,64,32,1,0,0,124,0,0,16
2169,64,32,1,0,0,124,0,0,16
2170,64,32,1,0,0,124,0,0,16
2171,64,32,1,0,0,124,0,0,16
2172,64,32,1,0,0,124,0,0,16
2173,64,32,1,0,0,124,0,0,16
2174,64,32,1,0,0,124,0,0,16
2175,64,32,1,0,0,124,0,0,16
2176,64,32,1,0,0,124,0,0,16
2177,64,32,1,0,0,124,0,0,16
2178,64,32,1,0,0,124,0,0,16
2179,64,32,1,0,0,124,0,0,16
2180,64,32,1,0,0,124,0,0,16
2181,64,32,1,0,0,124,0,0,16
2182,64,32,1,0,0,124,0,0,16
2183,64,32,1,0,0,124,0,0,16
2184,64,32,1,0,0,124,0,0,16
2185,64,32,1,0,0,124,0,0,16
2186,64,32,1,0,0,124,0,0,16
2187,64,32,1,0,0,124,0,0,16
2188,64,32,1,0,0,124,0,0,16
2189,64,32,1,0,0,124,0,0,16
2190,64,32,1,0,0,124,0,0,16
2191,64,32,1,0,0,124,0,0,16
2192,64,32,1,0,0,124,0,0,16
2193,64,32,1,0,0,124,0,0,16
2194,64,32,1,0,0,124,0,0,16
2195,64,32,1,0,0,124,0,0,16
2196,64,32,1,0,0,124,0,0,16
2197,64,32,1,0,0,124,0,0,16
2198,64,32,1,0,0,124,0,0,16
2199,64,32,1,0,0,124,0,0,16
2200,64,32,1,0,0,124,0,0,16
2201,64,32,1,0,0,124,0,0,16
2202,64,32,1,0,0,124,0,0,16
2203,64,32,1,0,0,124,0,0,16
2204,64,32,1,0,0,124,0,0,16
2205,64,32,1,0,0,124,0,0,16
2206,64,32,1,0,0,124,0,0,16
2207,64,32,1,0,0,124,0,0,16
2208,64,32,1,0,0,124,0,0,16
2209,64,32,1,0,0,124,0,0,16
2210,64,32,1,0,0,124,0,0,16
2211,64,32,1,0,0,124,0,0,16
2212,64,32,1,0,0,124,0,0,16
2213,64,32,1,0,0,124,0,0,16
2214,64,32,1,0,0,124,0,0,16
2215,64,32,1,0,0,124,0,0,16
2216,64,32,1,0,0,124,0,0,16
2217,64,32,1,0,0,124,0,0,16
2218,64,32,1,0,0,124,0,0,16
2219,64,32,1,0,0,124,0,0,16
2220,64,32,1,0,0,124,0,0,16
2221,64,32,1,0,0,124,0,0,16
2222,64,32,1,0,0,124,0,0,16
2223,64,32,1,0,0,124,0,0,16
2224,64,32,1,0,0,124,0,0,16
2225,64,32,1,0,0,124,0,0,16
2226,64,32,1,0,0,124,0,0,16
2227,64,32,1,0,0,124,0,0,16
2228,64,32,1,0,0,124,0,0,16
2229,64,32,1,0,0,124,0,0,16
2230,64,32,1,0,0,124,0,0,16
2231,64,32,1,0,0,124,0,0,16
2232,64,32,1,0,0,124,0,0,16
2233,64,32,1,0,0,124,0,0,16
2234,64,32,1,0,0,124,0,0,16
2235,64,32,1,0,0,124,0,0,16
2236,64,32,1,0,0,124,0,0,16
2237,64,32,1,0,0,124,0,0,16
2238,64,32,1,0,0,124,0,0,16
2239,64,32,1,0,0,124,0,0,16
2240,64,32,1,0,0,124,0,0,16
2241,64,32,1,0,0,124,0,0,16
2242,64,32,1,0,0,124,0,0,16
2243,64,32,1,0,0,124,0,0,16
2244,64,32,1,0,0,124,0,0,16
2245,64,32,1,0,0,124,0,0,16
2246,64,32,1,0,0,124,0,0,16
2247,64,32,1,0,0,124,0,0,16
2248,64,32,1,0,0,124,0,0,16
2249,64,32,1,0,0,124,0,0,16
2250,64,32,1,0,0,124,0,0,16
2251,64,32,1,0,0,124,0,0,16
2252,64,32,1,0,0,124,0,0,16
2253,64,32,1,0,0,124,0,0,16
2254,64,32,1,0,0,124,0,0,16
2255,64,32,1,0,0,124,0,0,16
2256,64,32,1,0,0,124,0,0,16
2257,64,32,1,0,0,124,0,0,16
2258,64,32,1,0,0,124,0,0,16
2259,64,32,1,0,0,124,0,0,16
2260,64,32,1,0,0,124,0,0,16
2261,64,32,1,0,0,124,0,0,16
2262,64,32,1,0,0,124,0,0,16
2263,64,32,1,0,0,124,0,0,16
2264,64,32,1,0,0,124,0,0,16
2265,64,32,1,0,0,124,0,0,16
2266,64,32,1,0,0,124,0,0,16
2267,64,32,1,0,0,124,0,0,16
2268,64,32,1,0,0,124,0,0,16
2269,64,32,1,0,0,124,0,0,16
2270,64,32,1,0,0,124,0,0,16
2271,64,32,1,0,0,124,0,0,16
2272,64,32,1,0,0,124,0,0,16
2273,64,32,1,0,0,124,0,0,16
2274,64,32,1,0,0,124,0,0,16
2275,64,32,1,0,0,124,0,0,16
2276,64,32,1,0,0,124,0,0,16
2277,64,32,1,0,0,124,0,0,16
2278,64,32,1,0,0,124,0,0,16
2279,64,32,1,0,0,124,0,0,16
2280,64,32,1,0,0,124,0,0,16
2281,64,32,1,0,0,124,0,0,16
2282,64,32,1,0,0,124,0,0,16
2283,64,32,1,0,0,124,0,0,16
2284,64,32,1,0,0,124,0,0,16
2285,64,32,1,0,0,124,0,0,16
2286,64,32,1,0,0,124,0,0,16
2287,64,32,1,0,0,124,0,0,16
2288,64,32,1,0,0,124,0,0,16
2289,64,32,1,0,0,124,0,0,16
2290,64,32,1,0,0,124,0,0,16
2291,64,32,1,0,0,124,0,0,16
2292,64,32,1,0,0,124,0,0,16
2293,64,32,1,0,0,124,0,0,16
2294,64,32,1,0,0,124,0,0,16
2295,64,32,1,0,0,124,0,0,16
2296,64,32,1,0,0,124,0,0,16
2297,64,32,1,0,0,124,0,0,16
2298,64,32,1,0,0,124,0,0,16
2299,64,32,1,0,0,124,0,0,16
2300,64,32,1,0,0,124,0,0,16
2301,64,32,1,0,0,124,0,0,16
2302,64,32,1,0,0,124,0,0,16
2303,64,32,1,0,0,124,0,0,16
2304,64,32,1,0,0,124,0,0,16
2305,64,32,1,0,0,124,0,0,16
2306,64,32,1,0,0,124,0,0,16
2307,64,32,1,0,0,124,0,0,16
2308,64,32,1,0,0,124,0,0,16
2309,64,32,1,0,0,124,0,0,16
2310,64,32,1,0,0,124,0,0,16
2311,64,32,1,0,0,124,0,0,16
2312,64,32,1,0,0,124,0,0,16
2313,64,32,1,0,0,124,0,0,16
2314,64,32,1,0,0,124,0,0,16
2315,64,32,1,0,0,124,0,0,16
2316,64,32,1,0,0,124,0,0,16
2317,64,32,1,0,0,124,0,0,16
2318,64,32,1,0,0,124,0,0,16
2319,64,32,1,0,0,124,0,0,16
2320,64,32,1,0,0,124,0,0,16
2321,64,32,1,0,0,124,0,0,16
2322,64,32,1,0,0,124,0,0,16
2323,64,32,1,0,0,124,0,0,16
2324,64,32,1,0,0,124,0,0,16
2325,64,32,1,0,0,124,0,0,16
2326,64,32,1,0,0,124,0,0,16
2327,64,32,1,0,0,124,0,0,16
2328,64,32,1,0,0,124,0,0,16
2329,64,32,1,0,0,124,0,0,16
2330,64,32,1,0,0,124,0,0,16
2331,64,32,1,0,0,124,0,0,16
2332,64,32,1,0,0,124,0,0,16
2333,64,32,1,0,0,124,0,0,16
2334,64,32,1,0,0,124,0,0,16
2335,64,32,1,0,0,124,0,0,16
2336,64,32,1,0,0,124,0,0,16
2337,64,32,1,0,0,124,0,0,16
2338,64,32,1,0,0,124,0,0,16
2339,64,32,1,0,0,124,0,0,16
2340,64,32,1,0,0,124,0,0,16
2341,64,32,1,0,0,124,0,0,16
2342,64,32,1,0,0,124,0,0,16
2343,64,32,1,0,0,124,0,0,16
2344,64,32,1,0,0,124,0,0,16
2345,64,32,1,0,0,124,0,0,16
2346,64,32,1,0,0,124,0,0,16
2347,64,32,1,0,0,124,0,0,16
2348,64,32,1,0,0,124,0,0,16
2349,64,32,1,0,0,124,0,0,16
2350,64,32,1,0,0,124,0,0,16
2351,64,32,1,0,0,124,0,0,16
2352,64,32,1,0,0,124,0,0,16
2353,64,32,1,0,0,124,0,0,16
2354,64,32,1,0,0,124,0,0,16
2355,64,32,1,0,0,124,0,0,16
2356,64,32,1,0,0,124,0,0,16
2357,64,32,1,0,0,124,0,0,16
2358,64,32,1,0,0,124,0,0,16
2359,64,32,1,0,0,124,0,0,16
2360,64,32,1,0,0,124,0,0,16
2361,64,32,1,0,0,124,0,0,16
2362,64,32,1,0,0,124,0,0,16
2363,64,32,1,0,0,124,0,0,16
2364,64,32,1,0,0,124,0,0,16
2365,64,32,1,0,0,124,0,0,16
2366,64,32,1,0,0,124,0,0,16
2367,64,32,1,0,0,124,0,0,16
2368,64,32,1,0,0,124,0,0,16
2369,64,32,1,0,0,124,0,0,16
2370,64,32,1,0,0,124,0,0,16
2371,64,32,1,0,0,124,0,0,16
2372,64,32,1,0,0,124,0,0,16
2373,64,32,1,0,0,124,0,0,16
2374,64,32,1,0,0,124,0,0,16
2375,64,32,1,0,0,124,0,0,16
2376,64,32,1,0,0,124,0,0,16
2377,64,32,1,0,0,124,0,0,16
2378,64,32,1,0,0,124,0,0,16
2379,64,32,1,0,0,124,0,0,16
2380,64,32,1,0,0,124,0,0,16
2381,64,32,1,0,0,124,0,0,16
2382,64,32,1,0,0,124,0,0,16
2383,64,32,1,0,0,124,0,0,16
2384,64,32,1,0,0,124,0,0,16
2385,64,32,1,0,0,124,0,0,16
2386,64,32,1,0,0,124,0,0,16
2387,64,32,1,0,0,124,0,0,16
2388,64,32,1,0,0,124,0,0,16
2389,64,32,1,0,0,124,0,0,16
2390,64,32,1,0,0,124,0,0,16
2391,64,32,1,0,0,124,0,0,16
2392,64,32,1,0,0,124,0,0,16
2393,64,32,1,0,0,124,0,0,16
2394,64,32,1,0,0,124,0,0,16
2395,64,32,1,0,0,124,0,0,16
2396,64,32,1,0,0,124,0,0,16
2397,64,32,1,0,0,124,0,0,16
2398,64,32,1,0,0,124,0,0,16
2399,64,32,1,0,0,124,0,0,16
2400,64,32,1,0,0,124,0,0,16
2401,64,32,1,0,0,124,0,0,16
2402,64,32,1,0,0,124,0,0,16
2403,64,32,1,0,0,124,0,0,16
2404,64,32,1,0,0,124,0,0,16
2405,64,32,1,0,0,124,0,0,16
2406,64,32,1,0,0,124,0,0,16
2407,64,32,1,0,0,124,0,0,16
2408,64,32,1,0,0,124,0,0,16
2409,64,32,1,0,0,124,0,0,16
2410,64,32,1,0,0,124,0,0,16
2411,64,32,1,0,0,124,0,0,16
2412,64,32,1,0,0,124,0,0,16
2413,64,32,1,0,0,124,0,0,16
2414,64,32,1,0,0,124,0,0,16
2415,64,32,1,0,0,124,0,0,16
2416,64,32,1,0,0,124,0,0,16
2417,64,32,1,0,0,124,0,0,16
2418,64,32,1,0,0,124,0,0,16
2419,64,32,1,0,0,124,0,0,16
2420,64,32,1,0,0,124,0,0,16
2421,64,32,1,0,0,124,0,0,16
2422,64,32,1,0,0,124,0,0,16
2423,64,32,1,0,0,124,0,0,16
2424,64,32,1,0,0,124,0,0,16
2425,64,32,1,0,0,124,0,0,16
2426,64,32,1,0,0,124,0,0,16
2427,64,32,1,0,0,124,0,0,16
2428,64,32,1,0,0,124,0,0,16
2429,64,32,1,0,0,124,0,0,16
2430,64,32,1,0,0,124,0,0,16
2431,64,32,1,0,0,124,0,0,16
2432,64,32,1,0,0,124,0,0,16
2433,64,32,1,0,0,124,0,0,16
2434,64,32,1,0,0,124,0,0,16
2435,64,32,1,0,0,124,0,0,16
2436,64,32,1,0,0,124,0,0,16
2437,64,32,1,0,0,124,0,0,16
2438,64,32,1,0,0,124,0,0,16
2439,64,32,1,0,0,124,0,0,16
2440,64,32,1,0,0,124,0,0,16
2441,64,32,1,0,0,124,0,0,16
2442,64,32,1,0,0,124,0,0,16
2443,64,32,1,0,0,124,0,0,16
2444,64,32,1,0,0,124,0,0,16
2445,64,32,1,0,0,124,0,0,16
2446,64,32,1,0,0,124,0,0,16
2447,64,32,1,0,0,124,0,0,16
2448,64,32,1,0,0,124,0,0,16
2449,64,32,1,0,0,124,0,0,16
2450,64,32,1,0,0,124,0,0,16
2451,64,32,1,0,0,124,0,0,16
2452,64,32,1,0,0,124,0,0,16
2453,64,32,1,0,0,124,0,0,16
2454,64,32,1,0,0,124,0,0,16
2455,64,32,1,0,0,124,0,0,16
2456,64,32,1,0,0,124,0,0,16
2457,64,32,1,0,0,124,0,0,16
2458,64,32,1,0,0,124,0,0,16
2459,64,32,1,0,0,124,0,0,16
2460,64,32,1,0,0,124,0,0,16
2461,64,32,1,0,0,124,0,0,16
2462,64,32,1,0,0,124,0,0,16
2463,64,32,1,0,0,124,0,0,16
2464,64,32,1,0,0,124,0,0,16
2465,64,32,1,0,0,124,0,0,16
2466,64,32,1,0,0,124,0,0,16
2467,64,32,1,0,0,124,0,0,16
2468,64,32,1,0,0,124,0,0,16
2469,64,32,1,0,0,124,0,0,16
2470,64,32,1,0,0,124,0,0,16
2471,64,32,1,0,0,124,0,0,16
2472,64,32,1,0,0,124,0,0,16
2473,64,32,1,0,0,124,0,0,16
2474,64,32,1,0,0,124,0,0,16
2475,64,32,1,0,0,124,0,0,16
2476,64,32,1,0,0,124,0,0,16
2477,64,32,1,0,0,124,0,0,16
2478,64,32,1,0,0,124,0,0,16
2479,64,32,1,0,0,124,0,0,16
2480,64,32,1,0,0,124,0,0,16
2481,64,32,1,0,0,124,0,0,16
2482,64,32,1,0,0,124,0,0,16
2483,64,32,1,0,0,124,0,0,16
2484,64,32,1,0,0,124,0,0,16
2485,64,32,1,0,0,124,0,0,16
2486,64,32,1,0,0,124,0,0,16
2487,64,32,1,0,0,124,0,0,16
2488,64,32,1,0,0,124,0,0,16
2489,64,32,1,0,0,124,0,0,16
2490,64,32,1,0,0,124,0,0,16
2491,64,32,1,0,0,124,0,0,16
2492,64,32,1,0,0,124,0,0,16
2493,64,32,1,0,0,124,0,0,16
2494,64,32,1,0,0,124,0,0,16
2495,64,32,1,0,0,124,0,0,16
2496,64,32,1,0,0,124,0,0,16
2497,64,32,1,0,0,124,0,0,16
2498,64,32,1,0,0,124,0,0,16
2499,64,32,1,1,1,124,1,1,16
2500,64,32,1,1,0,124,0,1,16
2501,64,32,1,0,0,124,0,1,16
2502,64,32,1,1,1,124,1,2,16
2503,64,32,1,1,0,124,0,2,16
2504,64,32,1,1,0,124,0,2,16
2505,64,32,1,1,0,124,0,2,16
2506,64,32,1,1,0,124,0,2,16
2507,64,32,1,1,0,124,0,2,16
2508,64,32,1,1,0,124,0,2,16
2509,64,32,1,1,0,124,0,0,16
2510,64,32,1,1,0,124,0,0,16
2511,64,32,1,1,0,124,0,0,16
2512,64,32,1,1,0,124,0,0,16
2513,4,32,1,1,1,77,1,1,1
2514,64,32,1,1,1,124,1,2,16
2515,0,32,1,1,0,75,0,2,0
2516,64,32,1,1,0,124,0,2,16
2517,63,32,1,1,0,115,0,2,16
2518,64,32,1,1,0,124,0,0,16
2519,64,32,1,1,0,124,0,0,16
2520,64,32,1,1,0,124,0,0,16
2521,64,32,1,1,0,124,0,0,16
2522,64,32,1,1,0,124,0,0,16
2523,64,32,1,1,0,124,0,0,16
2524,64,32,1,1,0,124,0,0,16
2525,64,32,1,1,0,124,0,0,16
2526,64,32,1,1,0,124,0,0,16
2527,64,32,1,1,0,124,0,0,16
2528,64,32,1,1,0,124,0,0,16
2529,64,32,1,1,0,124,0,0,16
2530,64,32,1,1,0,124,0,0,16
2531,64,32,1,1,0,124,0,0,16
