cycle,case,raw_pt_valid,auth_valid,auth,app_valid,app_ready,app_commit,last_seq,phase
1,0,0,0,0,0,1,0,0,0
2,0,0,0,0,0,1,0,0,16
3,0,0,0,0,0,1,0,0,16
4,0,0,0,0,0,1,0,0,16
5,0,0,0,0,0,1,0,0,16
6,0,0,0,0,0,1,0,0,16
7,0,0,0,0,0,1,0,0,16
8,0,0,0,0,0,1,0,0,16
9,0,0,0,0,0,1,0,0,16
10,0,0,0,0,0,1,0,0,16
11,0,0,0,0,0,1,0,0,16
12,0,0,0,0,0,1,0,0,16
13,0,0,0,0,0,1,0,0,16
14,0,0,0,0,0,1,0,0,16
15,0,0,0,0,0,1,0,0,16
16,0,0,0,0,0,1,0,0,16
17,0,0,0,0,0,1,0,0,16
18,0,0,0,0,0,1,0,0,16
19,0,0,0,0,0,1,0,0,16
20,0,0,0,0,0,1,0,0,16
21,0,0,0,0,0,1,0,0,16
22,0,0,0,0,0,1,0,0,16
23,0,0,0,0,0,1,0,0,1
24,0,0,0,0,0,1,0,0,1
25,0,0,0,0,0,1,0,0,1
26,2498,0,0,0,0,1,0,0,2
27,2498,0,0,0,0,1,0,0,2
28,2498,0,0,0,0,1,0,0,16
29,2498,0,0,0,0,1,0,0,16
30,2498,0,0,0,0,1,0,0,16
31,2498,0,0,0,0,1,0,0,16
32,2498,0,0,0,0,1,0,0,16
33,2498,0,0,0,0,1,0,0,16
34,2498,0,0,0,0,1,0,0,16
35,2498,0,0,0,0,1,0,0,16
36,2498,0,0,0,0,1,0,0,16
37,2498,0,0,0,0,1,0,0,16
38,2498,0,0,0,0,1,0,0,16
39,2498,0,0,0,0,1,0,0,16
40,2498,0,0,0,0,1,0,0,16
41,2498,0,0,0,0,1,0,0,16
42,2498,0,0,0,0,1,0,0,16
43,2498,0,0,0,0,1,0,0,16
44,2498,0,0,0,0,1,0,0,16
45,2498,0,0,0,0,1,0,0,1
46,2498,0,0,0,0,1,0,0,1
47,2498,0,0,0,0,1,0,0,1
48,2498,0,0,0,0,1,0,0,2
49,2498,0,0,0,0,1,0,0,2
50,2498,0,0,0,0,1,0,0,2
51,2498,0,0,0,0,1,0,0,2
52,2498,0,0,0,0,1,0,0,4
53,2498,0,0,0,0,1,0,0,4
54,2498,0,0,0,0,1,0,0,4
55,2498,0,0,0,0,1,0,0,4
56,2498,0,0,0,0,1,0,0,4
57,2498,0,0,0,0,1,0,0,4
58,2498,0,0,0,0,1,0,0,4
59,2498,0,0,0,0,1,0,0,4
60,2498,0,0,0,0,1,0,0,4
61,2498,0,0,0,0,1,0,0,4
62,2498,0,0,0,0,1,0,0,4
63,2498,0,0,0,0,1,0,0,4
64,2498,0,0,0,0,1,0,0,4
65,2498,0,0,0,0,1,0,0,4
66,2498,0,0,0,0,1,0,0,4
67,2498,0,0,0,0,1,0,0,4
68,2498,0,0,0,0,1,0,0,4
69,2498,0,0,0,0,1,0,0,4
70,2498,0,0,0,0,1,0,0,4
71,2498,0,0,0,0,1,0,0,4
72,2498,0,0,0,0,1,0,0,4
73,2498,0,0,0,0,1,0,0,4
74,2498,0,0,0,0,1,0,0,4
75,2498,0,0,0,0,1,0,0,4
76,2498,0,0,0,0,1,0,0,4
77,2498,0,0,0,0,1,0,0,4
78,2498,0,0,0,0,1,0,0,4
79,2498,0,0,0,0,1,0,0,4
80,2498,0,0,0,0,1,0,0,4
81,2498,0,0,0,0,1,0,0,4
82,2498,0,0,0,0,1,0,0,4
83,2498,0,0,0,0,1,0,0,4
84,2498,0,0,0,0,1,0,0,4
85,2498,0,0,0,0,1,0,0,4
86,2498,0,0,0,0,1,0,0,4
87,2498,0,0,0,0,1,0,0,4
88,2498,0,0,0,0,1,0,0,4
89,2498,0,0,0,0,1,0,0,4
90,2498,0,0,0,0,1,0,0,4
91,2498,0,0,0,0,1,0,0,4
92,2498,0,0,0,0,1,0,0,4
93,2498,0,0,0,0,1,0,0,4
94,2498,0,0,0,0,1,0,0,4
95,2498,0,0,0,0,1,0,0,4
96,2498,0,0,0,0,1,0,0,4
97,2498,0,0,0,0,1,0,0,4
98,2498,0,0,0,0,1,0,0,4
99,2498,0,0,0,0,1,0,0,4
100,2498,0,0,0,0,1,0,0,4
101,2498,0,0,0,0,1,0,0,4
102,2498,0,0,0,0,1,0,0,4
103,2498,0,0,0,0,1,0,0,4
104,2498,0,0,0,0,1,0,0,4
105,2498,0,0,0,0,1,0,0,4
106,2498,0,0,0,0,1,0,0,4
107,2498,0,0,0,0,1,0,0,4
108,2498,1,0,0,0,1,0,0,4
109,2498,1,0,0,0,1,0,0,4
110,2498,1,0,0,0,1,0,0,4
111,2498,1,0,0,0,1,0,0,4
112,2498,0,0,0,0,1,0,0,4
113,2498,0,0,0,0,1,0,0,4
114,2498,0,0,0,0,1,0,0,4
115,2498,0,0,0,0,1,0,0,4
116,2498,0,0,0,0,1,0,0,4
117,2498,0,0,0,0,1,0,0,4
118,2498,0,0,0,0,1,0,0,4
119,2498,0,0,0,0,1,0,0,4
120,2498,1,0,0,0,1,0,0,4
121,2498,1,0,0,0,1,0,0,4
122,2498,1,0,0,0,1,0,0,4
123,2498,1,0,0,0,1,0,0,4
124,2498,0,0,0,0,1,0,0,4
125,2498,0,0,0,0,1,0,0,4
126,2498,0,0,0,0,1,0,0,4
127,2498,0,0,0,0,1,0,0,4
128,2498,0,0,0,0,1,0,0,4
129,2498,0,0,0,0,1,0,0,4
130,2498,0,0,0,0,1,0,0,4
131,2498,0,0,0,0,1,0,0,4
132,2498,1,0,0,0,1,0,0,4
133,2498,1,0,0,0,1,0,0,4
134,2498,1,0,0,0,1,0,0,4
135,2498,1,0,0,0,1,0,0,4
136,2498,0,0,0,0,1,0,0,4
137,2498,0,0,0,0,1,0,0,4
138,2498,0,0,0,0,1,0,0,4
139,2498,0,0,0,0,1,0,0,4
140,2498,0,0,0,0,1,0,0,4
141,2498,0,0,0,0,1,0,0,4
142,2498,0,0,0,0,1,0,0,4
143,2498,0,0,0,0,1,0,0,4
144,2498,1,0,0,0,1,0,0,4
145,2498,1,0,0,0,1,0,0,4
146,2498,1,0,0,0,1,0,0,4
147,2498,1,0,0,0,1,0,0,4
148,2498,0,0,0,0,1,0,0,4
149,2498,0,0,0,0,1,0,0,4
150,2498,0,0,0,0,1,0,0,4
151,2498,0,0,0,0,1,0,0,4
152,2498,0,0,0,0,1,0,0,4
153,2498,0,0,0,0,1,0,0,4
154,2498,0,0,0,0,1,0,0,4
155,2498,0,0,0,0,1,0,0,4
156,2498,0,0,0,0,1,0,0,4
157,2498,0,0,0,0,1,0,0,4
158,2498,0,0,0,0,1,0,0,4
159,2498,0,0,0,0,1,0,0,4
160,2498,0,0,0,0,1,0,0,4
161,2498,0,0,0,0,1,0,0,4
162,2498,0,0,0,0,1,0,0,4
163,2498,0,0,0,0,1,0,0,4
164,2498,0,0,0,0,1,0,0,4
165,2498,0,0,0,0,1,0,0,4
166,2498,0,0,0,0,1,0,0,4
167,2498,0,0,0,0,1,0,0,4
168,2498,0,0,0,0,1,0,0,4
169,2498,0,0,0,0,1,0,0,4
170,2498,0,0,0,0,1,0,0,4
171,2498,0,0,0,0,1,0,0,4
172,2498,0,0,0,0,1,0,0,4
173,2498,0,0,0,0,1,0,0,4
174,2498,0,0,0,0,1,0,0,4
175,2498,0,1,0,0,1,0,0,4
176,2498,0,1,0,0,1,0,0,16
177,2498,0,1,0,0,1,0,0,16
178,2498,0,1,0,0,1,0,0,16
179,2498,0,1,0,0,1,0,0,16
180,2498,0,1,0,0,1,0,0,16
181,2498,0,1,0,0,1,0,0,16
182,2498,0,1,0,0,1,0,0,16
183,2498,0,1,0,0,1,0,0,16
184,2498,0,1,0,0,1,0,0,16
185,2498,0,1,0,0,1,0,0,16
186,2498,0,1,0,0,1,0,0,16
187,2498,0,1,0,0,1,0,0,16
188,2498,0,1,0,0,1,0,0,16
189,2498,0,1,0,0,1,0,0,16
190,2498,0,1,0,0,1,0,0,16
191,2498,0,1,0,0,1,0,0,16
192,2498,0,1,0,0,1,0,0,2
193,2498,0,1,0,0,1,0,0,2
194,2498,0,1,0,0,1,0,0,2
195,2498,0,1,0,0,1,0,0,2
196,2498,0,1,0,0,1,0,0,2
197,2498,0,1,0,0,1,0,0,2
198,2498,0,1,0,0,1,0,0,2
199,2498,0,1,0,0,1,0,0,2
200,2498,0,1,0,0,1,0,0,2
201,2498,0,1,0,0,1,0,0,2
202,2498,0,1,0,0,1,0,0,2
203,2498,0,1,0,0,1,0,0,2
204,2498,0,1,0,0,1,0,0,2
205,2498,0,1,0,0,1,0,0,2
206,2498,0,1,0,0,1,0,0,2
207,2498,0,1,0,0,1,0,0,2
208,2498,0,1,0,0,1,0,0,2
209,2498,0,1,0,0,1,0,0,2
210,2498,0,1,0,0,1,0,0,2
211,2498,0,1,0,0,1,0,0,2
212,2498,0,1,0,0,1,0,0,2
213,2498,0,1,0,0,1,0,0,2
214,2498,0,1,0,0,1,0,0,2
215,2498,0,1,0,0,1,0,0,2
216,2498,0,1,0,0,1,0,0,2
217,2498,0,1,0,0,1,0,0,2
218,2498,0,1,0,0,1,0,0,2
219,2498,0,1,0,0,1,0,0,2
220,2498,0,1,0,0,1,0,0,2
221,2498,0,1,0,0,1,0,0,2
222,2498,0,1,0,0,1,0,0,2
223,2498,0,1,0,0,1,0,0,2
224,2498,0,1,0,0,1,0,0,2
225,2499,0,1,0,0,1,0,0,2
226,2499,0,0,0,0,1,0,0,2
227,2499,0,0,0,0,1,0,0,2
228,2499,0,0,0,0,1,0,0,2
229,2499,0,0,0,0,1,0,0,4
230,2499,0,0,0,0,1,0,0,4
231,2499,0,0,0,0,1,0,0,4
232,2499,0,0,0,0,1,0,0,4
233,2499,0,0,0,0,1,0,0,4
234,2499,0,0,0,0,1,0,0,4
235,2499,0,0,0,0,1,0,0,4
236,2499,0,0,0,0,1,0,0,4
237,2499,0,0,0,0,1,0,0,4
238,2499,0,0,0,0,1,0,0,4
239,2499,0,0,0,0,1,0,0,4
240,2499,0,0,0,0,1,0,0,4
241,2499,0,0,0,0,1,0,0,4
242,2499,0,0,0,0,1,0,0,4
243,2499,0,0,0,0,1,0,0,4
244,2499,0,0,0,0,1,0,0,4
245,2499,0,0,0,0,1,0,0,4
246,2499,0,0,0,0,1,0,0,4
247,2499,0,0,0,0,1,0,0,4
248,2499,0,0,0,0,1,0,0,4
249,2499,0,0,0,0,1,0,0,4
250,2499,0,0,0,0,1,0,0,4
251,2499,0,0,0,0,1,0,0,4
252,2499,0,0,0,0,1,0,0,4
253,2499,0,0,0,0,1,0,0,4
254,2499,0,0,0,0,1,0,0,4
255,2499,0,0,0,0,1,0,0,4
256,2499,0,0,0,0,1,0,0,4
257,2499,0,0,0,0,1,0,0,4
258,2499,0,0,0,0,1,0,0,4
259,2499,0,0,0,0,1,0,0,4
260,2499,0,0,0,0,1,0,0,4
261,2499,0,0,0,0,1,0,0,4
262,2499,0,0,0,0,1,0,0,4
263,2499,0,0,0,0,1,0,0,4
264,2499,0,0,0,0,1,0,0,4
265,2499,0,0,0,0,1,0,0,4
266,2499,0,0,0,0,1,0,0,4
267,2499,0,0,0,0,1,0,0,4
268,2499,0,0,0,0,1,0,0,4
269,2499,0,0,0,0,1,0,0,4
270,2499,0,0,0,0,1,0,0,4
271,2499,0,0,0,0,1,0,0,4
272,2499,0,0,0,0,1,0,0,4
273,2499,0,0,0,0,1,0,0,4
274,2499,0,0,0,0,1,0,0,4
275,2499,0,0,0,0,1,0,0,4
276,2499,0,0,0,0,1,0,0,4
277,2499,0,0,0,0,1,0,0,4
278,2499,0,0,0,0,1,0,0,4
279,2499,0,0,0,0,1,0,0,4
280,2499,0,0,0,0,1,0,0,4
281,2499,0,0,0,0,1,0,0,4
282,2499,0,0,0,0,1,0,0,4
283,2499,0,0,0,0,1,0,0,4
284,2499,0,0,0,0,1,0,0,4
285,2499,1,0,0,0,1,0,0,4
286,2499,1,0,0,0,1,0,0,4
287,2499,1,0,0,0,1,0,0,4
288,2499,1,0,0,0,1,0,0,4
289,2499,0,0,0,0,1,0,0,4
290,2499,0,0,0,0,1,0,0,4
291,2499,0,0,0,0,1,0,0,4
292,2499,0,0,0,0,1,0,0,4
293,2499,0,0,0,0,1,0,0,4
294,2499,0,0,0,0,1,0,0,4
295,2499,0,0,0,0,1,0,0,4
296,2499,0,0,0,0,1,0,0,4
297,2499,1,0,0,0,1,0,0,4
298,2499,1,0,0,0,1,0,0,4
299,2499,1,0,0,0,1,0,0,4
300,2499,1,0,0,0,1,0,0,4
301,2499,0,0,0,0,1,0,0,4
302,2499,0,0,0,0,1,0,0,4
303,2499,0,0,0,0,1,0,0,4
304,2499,0,0,0,0,1,0,0,4
305,2499,0,0,0,0,1,0,0,4
306,2499,0,0,0,0,1,0,0,4
307,2499,0,0,0,0,1,0,0,4
308,2499,0,0,0,0,1,0,0,4
309,2499,1,0,0,0,1,0,0,4
310,2499,1,0,0,0,1,0,0,4
311,2499,1,0,0,0,1,0,0,4
312,2499,1,0,0,0,1,0,0,4
313,2499,0,0,0,0,1,0,0,4
314,2499,0,0,0,0,1,0,0,4
315,2499,0,0,0,0,1,0,0,4
316,2499,0,0,0,0,1,0,0,4
317,2499,0,0,0,0,1,0,0,4
318,2499,0,0,0,0,1,0,0,4
319,2499,0,0,0,0,1,0,0,4
320,2499,0,0,0,0,1,0,0,4
321,2499,1,0,0,0,1,0,0,4
322,2499,1,0,0,0,1,0,0,4
323,2499,1,0,0,0,1,0,0,4
324,2499,1,0,0,0,1,0,0,4
325,2499,0,0,0,0,1,0,0,4
326,2499,0,0,0,0,1,0,0,4
327,2499,0,0,0,0,1,0,0,4
328,2499,0,0,0,0,1,0,0,4
329,2499,0,0,0,0,1,0,0,4
330,2499,0,0,0,0,1,0,0,4
331,2499,0,0,0,0,1,0,0,4
332,2499,0,0,0,0,1,0,0,4
333,2499,0,0,0,0,1,0,0,4
334,2499,0,0,0,0,1,0,0,4
335,2499,0,0,0,0,1,0,0,4
336,2499,0,0,0,0,1,0,0,4
337,2499,0,0,0,0,1,0,0,4
338,2499,0,0,0,0,1,0,0,4
339,2499,0,0,0,0,1,0,0,4
340,2499,0,0,0,0,1,0,0,4
341,2499,0,0,0,0,1,0,0,4
342,2499,0,0,0,0,1,0,0,4
343,2499,0,0,0,0,1,0,0,4
344,2499,0,0,0,0,1,0,0,4
345,2499,0,0,0,0,1,0,0,4
346,2499,0,0,0,0,1,0,0,4
347,2499,0,0,0,0,1,0,0,4
348,2499,0,0,0,0,1,0,0,4
349,2499,0,0,0,0,1,0,0,4
350,2499,0,0,0,0,1,0,0,4
351,2499,0,0,0,0,1,0,0,4
352,2499,0,1,1,0,0,0,0,4
353,2499,0,1,1,1,0,0,0,8
354,2499,0,1,1,1,0,0,0,8
355,2499,0,1,1,1,0,0,0,8
356,2499,0,1,1,1,0,0,0,8
357,2499,0,1,1,1,0,0,0,8
358,2499,0,1,1,1,0,0,0,8
359,2499,0,1,1,1,0,0,0,8
360,2499,0,1,1,1,1,0,0,8
361,2499,0,1,1,1,1,0,0,8
362,2499,0,1,1,1,1,0,0,8
363,2499,0,1,1,1,1,0,0,8
364,2499,0,1,1,1,1,0,0,8
365,2499,0,1,1,1,1,0,0,8
366,2499,0,1,1,1,1,0,0,8
367,2499,0,1,1,1,1,0,0,8
368,2499,0,1,1,1,1,0,0,8
369,2499,0,1,1,1,1,0,0,8
370,2499,0,1,1,1,1,0,0,8
371,2499,0,1,1,1,1,0,0,8
372,2499,0,1,1,1,1,0,0,8
373,2499,0,1,1,1,1,0,0,8
374,2499,0,1,1,1,1,0,0,8
375,2499,0,1,1,1,1,1,0,8
376,2499,0,1,1,0,1,0,1,16
377,2499,0,1,1,0,1,0,1,16
378,2499,0,1,1,0,1,0,1,16
379,2499,0,1,1,0,1,0,1,16
380,2499,0,1,1,0,1,0,1,16
381,2499,0,1,1,0,1,0,1,16
382,2499,0,1,1,0,1,0,1,16
383,2499,0,1,1,0,1,0,1,16
384,2499,0,1,1,0,1,0,1,16
385,2499,0,1,1,0,1,0,1,16
386,2499,0,1,1,0,1,0,1,16
387,2499,0,1,1,0,1,0,1,16
388,2499,0,1,1,0,1,0,1,16
389,2499,0,1,1,0,1,0,1,16
390,2499,0,1,1,0,1,0,1,16
391,2499,0,1,1,0,1,0,1,16
392,2499,0,1,1,0,1,0,1,2
393,2499,0,1,1,0,1,0,1,2
394,2499,0,1,1,0,1,0,1,2
395,2499,0,1,1,0,1,0,1,2
396,2499,0,1,1,0,1,0,1,2
397,2499,0,1,1,0,1,0,1,2
398,2499,0,1,1,0,1,0,1,2
399,2499,0,1,1,0,1,0,1,2
400,2499,0,1,1,0,1,0,1,2
401,2499,0,1,1,0,1,0,1,2
402,2499,0,1,1,0,1,0,1,2
403,2499,0,1,1,0,1,0,1,2
404,2499,0,1,1,0,1,0,1,2
405,2499,0,1,1,0,1,0,1,2
406,2499,0,1,1,0,1,0,1,2
407,2499,0,1,1,0,1,0,1,2
408,2499,0,1,1,0,1,0,1,2
409,2499,0,1,1,0,1,0,1,2
410,2500,0,1,1,0,1,0,1,2
411,2500,0,0,0,0,1,0,1,2
412,2500,0,0,0,0,1,0,1,2
413,2500,0,0,0,0,1,0,1,2
414,2500,0,0,0,0,1,0,1,4
415,2500,0,0,0,0,1,0,1,4
416,2500,0,0,0,0,1,0,1,4
417,2500,0,0,0,0,1,0,1,4
418,2500,0,0,0,0,1,0,1,4
419,2500,0,0,0,0,1,0,1,4
420,2500,0,0,0,0,1,0,1,4
421,2500,0,0,0,0,1,0,1,4
422,2500,0,0,0,0,1,0,1,4
423,2500,0,0,0,0,1,0,1,4
424,2500,0,0,0,0,1,0,1,4
425,2500,0,0,0,0,1,0,1,4
426,2500,0,0,0,0,1,0,1,4
427,2500,0,0,0,0,1,0,1,4
428,2500,0,0,0,0,1,0,1,4
429,2500,0,0,0,0,1,0,1,4
430,2500,0,0,0,0,1,0,1,4
431,2500,0,0,0,0,1,0,1,4
432,2500,0,0,0,0,1,0,1,4
433,2500,0,0,0,0,1,0,1,4
434,2500,0,0,0,0,1,0,1,4
435,2500,0,0,0,0,1,0,1,4
436,2500,0,0,0,0,1,0,1,4
437,2500,0,0,0,0,1,0,1,4
438,2500,0,0,0,0,1,0,1,4
439,2500,0,0,0,0,1,0,1,4
440,2500,0,0,0,0,1,0,1,4
441,2500,0,0,0,0,1,0,1,4
442,2500,0,0,0,0,1,0,1,4
443,2500,0,0,0,0,1,0,1,4
444,2500,0,0,0,0,1,0,1,4
445,2500,0,0,0,0,1,0,1,4
446,2500,0,0,0,0,1,0,1,4
447,2500,0,0,0,0,1,0,1,4
448,2500,0,0,0,0,1,0,1,4
449,2500,0,0,0,0,1,0,1,4
450,2500,0,0,0,0,1,0,1,4
451,2500,0,0,0,0,1,0,1,4
452,2500,0,0,0,0,1,0,1,4
453,2500,0,0,0,0,1,0,1,4
454,2500,0,0,0,0,1,0,1,4
455,2500,0,0,0,0,1,0,1,4
456,2500,0,0,0,0,1,0,1,4
457,2500,0,0,0,0,1,0,1,4
458,2500,0,0,0,0,1,0,1,4
459,2500,0,0,0,0,1,0,1,4
460,2500,0,0,0,0,1,0,1,4
461,2500,0,0,0,0,1,0,1,4
462,2500,0,0,0,0,1,0,1,4
463,2500,0,0,0,0,1,0,1,4
464,2500,0,0,0,0,1,0,1,4
465,2500,0,0,0,0,1,0,1,4
466,2500,0,0,0,0,1,0,1,4
467,2500,0,0,0,0,1,0,1,4
468,2500,0,0,0,0,1,0,1,4
469,2500,0,0,0,0,1,0,1,4
470,2500,1,0,0,0,1,0,1,4
471,2500,1,0,0,0,1,0,1,4
472,2500,1,0,0,0,1,0,1,4
473,2500,1,0,0,0,1,0,1,4
474,2500,0,0,0,0,1,0,1,4
475,2500,0,0,0,0,1,0,1,4
476,2500,0,0,0,0,1,0,1,4
477,2500,0,0,0,0,1,0,1,4
478,2500,0,0,0,0,1,0,1,4
479,2500,0,0,0,0,1,0,1,4
480,2500,0,0,0,0,1,0,1,4
481,2500,0,0,0,0,1,0,1,4
482,2500,1,0,0,0,1,0,1,4
483,2500,1,0,0,0,1,0,1,4
484,2500,1,0,0,0,1,0,1,4
485,2500,1,0,0,0,1,0,1,4
486,2500,0,0,0,0,1,0,1,4
487,2500,0,0,0,0,1,0,1,4
488,2500,0,0,0,0,1,0,1,4
489,2500,0,0,0,0,1,0,1,4
490,2500,0,0,0,0,1,0,1,4
491,2500,0,0,0,0,1,0,1,4
492,2500,0,0,0,0,1,0,1,4
493,2500,0,0,0,0,1,0,1,4
494,2500,1,0,0,0,1,0,1,4
495,2500,1,0,0,0,1,0,1,4
496,2500,1,0,0,0,1,0,1,4
497,2500,1,0,0,0,1,0,1,4
498,2500,0,0,0,0,1,0,1,4
499,2500,0,0,0,0,1,0,1,4
500,2500,0,0,0,0,1,0,1,4
501,2500,0,0,0,0,1,0,1,4
502,2500,0,0,0,0,1,0,1,4
503,2500,0,0,0,0,1,0,1,4
504,2500,0,0,0,0,1,0,1,4
505,2500,0,0,0,0,1,0,1,4
506,2500,1,0,0,0,1,0,1,4
507,2500,1,0,0,0,1,0,1,4
508,2500,1,0,0,0,1,0,1,4
509,2500,1,0,0,0,1,0,1,4
510,2500,0,0,0,0,1,0,1,4
511,2500,0,0,0,0,1,0,1,4
512,2500,0,0,0,0,1,0,1,4
513,2500,0,0,0,0,1,0,1,4
514,2500,0,0,0,0,1,0,1,4
515,2500,0,0,0,0,1,0,1,4
516,2500,0,0,0,0,1,0,1,4
517,2500,0,0,0,0,1,0,1,4
518,2500,0,0,0,0,1,0,1,4
519,2500,0,0,0,0,1,0,1,4
520,2500,0,0,0,0,1,0,1,4
521,2500,0,0,0,0,1,0,1,4
522,2500,0,0,0,0,1,0,1,4
523,2500,0,0,0,0,1,0,1,4
524,2500,0,0,0,0,1,0,1,4
525,2500,0,0,0,0,1,0,1,4
526,2500,0,0,0,0,1,0,1,4
527,2500,0,0,0,0,1,0,1,4
528,2500,0,0,0,0,1,0,1,4
529,2500,0,0,0,0,1,0,1,4
530,2500,0,0,0,0,1,0,1,4
531,2500,0,0,0,0,1,0,1,4
532,2500,0,0,0,0,1,0,1,4
533,2500,0,0,0,0,1,0,1,4
534,2500,0,0,0,0,1,0,1,4
535,2500,0,0,0,0,1,0,1,4
536,2500,0,0,0,0,1,0,1,4
537,2500,0,1,1,0,1,0,1,4
538,2500,0,1,1,0,1,0,1,16
539,2500,0,1,1,0,1,0,1,16
540,2500,0,1,1,0,1,0,1,16
541,2500,0,1,1,0,1,0,1,16
542,2500,0,1,1,0,1,0,1,16
543,2500,0,1,1,0,1,0,1,16
544,2500,0,1,1,0,1,0,1,16
545,2500,0,1,1,0,1,0,1,16
546,2500,0,1,1,0,1,0,1,16
547,2500,0,1,1,0,1,0,1,16
548,2500,0,1,1,0,1,0,1,16
549,2500,0,1,1,0,1,0,1,16
550,2500,0,1,1,0,1,0,1,16
551,2500,0,1,1,0,1,0,1,16
552,2500,0,1,1,0,1,0,1,16
553,2500,0,1,1,0,1,0,1,16
554,2500,0,1,1,0,1,0,1,2
555,2500,0,1,1,0,1,0,1,2
556,2500,0,1,1,0,1,0,1,2
557,2500,0,1,1,0,1,0,1,2
558,2500,0,1,1,0,1,0,1,2
559,2500,0,1,1,0,1,0,1,2
560,2500,0,1,1,0,1,0,1,2
561,2500,0,1,1,0,1,0,1,2
562,2500,0,1,1,0,1,0,1,2
563,2500,0,1,1,0,1,0,1,2
564,2500,0,1,1,0,1,0,1,2
565,2500,0,1,1,0,1,0,1,2
566,2500,0,1,1,0,1,0,1,2
567,2500,0,1,1,0,1,0,1,2
568,2500,0,1,1,0,1,0,1,2
569,2500,0,1,1,0,1,0,1,2
570,2500,0,1,1,0,1,0,1,2
571,2500,0,1,1,0,1,0,1,2
572,2500,0,1,1,0,1,0,1,2
573,2500,0,1,1,0,1,0,1,2
574,2500,0,1,1,0,1,0,1,2
575,2500,0,1,1,0,1,0,1,2
576,2500,0,1,1,0,1,0,1,2
577,2500,0,1,1,0,1,0,1,2
578,2500,0,1,1,0,1,0,1,2
579,2500,0,1,1,0,1,0,1,2
580,2500,0,1,1,0,1,0,1,2
581,2500,0,1,1,0,1,0,1,2
582,2500,0,1,1,0,1,0,1,2
583,2500,0,1,1,0,1,0,1,2
584,2500,0,1,1,0,1,0,1,2
585,2500,0,1,1,0,1,0,1,2
586,2500,0,1,1,0,1,0,1,2
